-- MySQL dump 10.13  Distrib 5.5.40, for debian-linux-gnu (x86_64)
--
-- Host: localhost    Database: mb_db2
-- ------------------------------------------------------
-- Server version	5.5.40-0ubuntu0.14.04.1

/*!40101 SET @OLD_CHARACTER_SET_CLIENT=@@CHARACTER_SET_CLIENT */;
/*!40101 SET @OLD_CHARACTER_SET_RESULTS=@@CHARACTER_SET_RESULTS */;
/*!40101 SET @OLD_COLLATION_CONNECTION=@@COLLATION_CONNECTION */;
/*!40101 SET NAMES utf8 */;
/*!40103 SET @OLD_TIME_ZONE=@@TIME_ZONE */;
/*!40103 SET TIME_ZONE='+00:00' */;
/*!40014 SET @OLD_UNIQUE_CHECKS=@@UNIQUE_CHECKS, UNIQUE_CHECKS=0 */;
/*!40014 SET @OLD_FOREIGN_KEY_CHECKS=@@FOREIGN_KEY_CHECKS, FOREIGN_KEY_CHECKS=0 */;
/*!40101 SET @OLD_SQL_MODE=@@SQL_MODE, SQL_MODE='NO_AUTO_VALUE_ON_ZERO' */;
/*!40111 SET @OLD_SQL_NOTES=@@SQL_NOTES, SQL_NOTES=0 */;

--
-- Table structure for table `account_emailaddress`
--

DROP TABLE IF EXISTS `account_emailaddress`;
/*!40101 SET @saved_cs_client     = @@character_set_client */;
/*!40101 SET character_set_client = utf8 */;
CREATE TABLE `account_emailaddress` (
  `id` int(11) NOT NULL AUTO_INCREMENT,
  `email` varchar(75) NOT NULL,
  `verified` tinyint(1) NOT NULL,
  `primary` tinyint(1) NOT NULL,
  `user_id` int(11) NOT NULL,
  PRIMARY KEY (`id`),
  UNIQUE KEY `email` (`email`),
  KEY `account_emailaddress_e8701ad4` (`user_id`),
  CONSTRAINT `account_emailaddress_user_id_5c85949e40d9a61d_fk_auth_user_id` FOREIGN KEY (`user_id`) REFERENCES `auth_user` (`id`)
) ENGINE=InnoDB AUTO_INCREMENT=20 DEFAULT CHARSET=latin1;
/*!40101 SET character_set_client = @saved_cs_client */;

--
-- Dumping data for table `account_emailaddress`
--

LOCK TABLES `account_emailaddress` WRITE;
/*!40000 ALTER TABLE `account_emailaddress` DISABLE KEYS */;
INSERT INTO `account_emailaddress` VALUES (8,'abhijeetkhan@gmail.com',1,1,23),(11,'f_sachin@yahoo.co.in',1,1,26),(13,'ankurtech3@gmail.com',1,1,29),(14,'tanmaynayak@rocketmail.com',0,1,30),(15,'anmol.shkl@gmail.com',0,1,39),(16,'pdeo6@gatech.edu',0,1,46),(17,'h.poursharafoddin@gmail.com',0,1,50),(18,'adityanitwster@gmail.com',0,1,53),(19,'hrishikeshrao94@gmail.com',0,1,66);
/*!40000 ALTER TABLE `account_emailaddress` ENABLE KEYS */;
UNLOCK TABLES;

--
-- Table structure for table `account_emailconfirmation`
--

DROP TABLE IF EXISTS `account_emailconfirmation`;
/*!40101 SET @saved_cs_client     = @@character_set_client */;
/*!40101 SET character_set_client = utf8 */;
CREATE TABLE `account_emailconfirmation` (
  `id` int(11) NOT NULL AUTO_INCREMENT,
  `created` datetime NOT NULL,
  `sent` datetime DEFAULT NULL,
  `key` varchar(64) NOT NULL,
  `email_address_id` int(11) NOT NULL,
  PRIMARY KEY (`id`),
  UNIQUE KEY `key` (`key`),
  KEY `account_emailconfirmation_6f1edeac` (`email_address_id`),
  CONSTRAINT `acc_email_address_id_5bcf9f503c32d4d8_fk_account_emailaddress_id` FOREIGN KEY (`email_address_id`) REFERENCES `account_emailaddress` (`id`)
) ENGINE=InnoDB DEFAULT CHARSET=latin1;
/*!40101 SET character_set_client = @saved_cs_client */;

--
-- Dumping data for table `account_emailconfirmation`
--

LOCK TABLES `account_emailconfirmation` WRITE;
/*!40000 ALTER TABLE `account_emailconfirmation` DISABLE KEYS */;
/*!40000 ALTER TABLE `account_emailconfirmation` ENABLE KEYS */;
UNLOCK TABLES;

--
-- Table structure for table `auth_group`
--

DROP TABLE IF EXISTS `auth_group`;
/*!40101 SET @saved_cs_client     = @@character_set_client */;
/*!40101 SET character_set_client = utf8 */;
CREATE TABLE `auth_group` (
  `id` int(11) NOT NULL AUTO_INCREMENT,
  `name` varchar(80) NOT NULL,
  PRIMARY KEY (`id`),
  UNIQUE KEY `name` (`name`)
) ENGINE=InnoDB DEFAULT CHARSET=latin1;
/*!40101 SET character_set_client = @saved_cs_client */;

--
-- Dumping data for table `auth_group`
--

LOCK TABLES `auth_group` WRITE;
/*!40000 ALTER TABLE `auth_group` DISABLE KEYS */;
/*!40000 ALTER TABLE `auth_group` ENABLE KEYS */;
UNLOCK TABLES;

--
-- Table structure for table `auth_group_permissions`
--

DROP TABLE IF EXISTS `auth_group_permissions`;
/*!40101 SET @saved_cs_client     = @@character_set_client */;
/*!40101 SET character_set_client = utf8 */;
CREATE TABLE `auth_group_permissions` (
  `id` int(11) NOT NULL AUTO_INCREMENT,
  `group_id` int(11) NOT NULL,
  `permission_id` int(11) NOT NULL,
  PRIMARY KEY (`id`),
  UNIQUE KEY `group_id` (`group_id`,`permission_id`),
  KEY `auth_group_permissions_0e939a4f` (`group_id`),
  KEY `auth_group_permissions_8373b171` (`permission_id`),
  CONSTRAINT `auth_group_permission_group_id_689710a9a73b7457_fk_auth_group_id` FOREIGN KEY (`group_id`) REFERENCES `auth_group` (`id`),
  CONSTRAINT `auth_group__permission_id_1f49ccbbdc69d2fc_fk_auth_permission_id` FOREIGN KEY (`permission_id`) REFERENCES `auth_permission` (`id`)
) ENGINE=InnoDB DEFAULT CHARSET=latin1;
/*!40101 SET character_set_client = @saved_cs_client */;

--
-- Dumping data for table `auth_group_permissions`
--

LOCK TABLES `auth_group_permissions` WRITE;
/*!40000 ALTER TABLE `auth_group_permissions` DISABLE KEYS */;
/*!40000 ALTER TABLE `auth_group_permissions` ENABLE KEYS */;
UNLOCK TABLES;

--
-- Table structure for table `auth_permission`
--

DROP TABLE IF EXISTS `auth_permission`;
/*!40101 SET @saved_cs_client     = @@character_set_client */;
/*!40101 SET character_set_client = utf8 */;
CREATE TABLE `auth_permission` (
  `id` int(11) NOT NULL AUTO_INCREMENT,
  `name` varchar(50) NOT NULL,
  `content_type_id` int(11) NOT NULL,
  `codename` varchar(100) NOT NULL,
  PRIMARY KEY (`id`),
  UNIQUE KEY `content_type_id` (`content_type_id`,`codename`),
  KEY `auth_permission_417f1b1c` (`content_type_id`),
  CONSTRAINT `auth__content_type_id_508cf46651277a81_fk_django_content_type_id` FOREIGN KEY (`content_type_id`) REFERENCES `django_content_type` (`id`)
) ENGINE=InnoDB AUTO_INCREMENT=109 DEFAULT CHARSET=latin1;
/*!40101 SET character_set_client = @saved_cs_client */;

--
-- Dumping data for table `auth_permission`
--

LOCK TABLES `auth_permission` WRITE;
/*!40000 ALTER TABLE `auth_permission` DISABLE KEYS */;
INSERT INTO `auth_permission` VALUES (1,'Can add site',1,'add_site'),(2,'Can change site',1,'change_site'),(3,'Can delete site',1,'delete_site'),(4,'Can add log entry',2,'add_logentry'),(5,'Can change log entry',2,'change_logentry'),(6,'Can delete log entry',2,'delete_logentry'),(7,'Can add permission',3,'add_permission'),(8,'Can change permission',3,'change_permission'),(9,'Can delete permission',3,'delete_permission'),(10,'Can add group',4,'add_group'),(11,'Can change group',4,'change_group'),(12,'Can delete group',4,'delete_group'),(13,'Can add user',5,'add_user'),(14,'Can change user',5,'change_user'),(15,'Can delete user',5,'delete_user'),(16,'Can add content type',6,'add_contenttype'),(17,'Can change content type',6,'change_contenttype'),(18,'Can delete content type',6,'delete_contenttype'),(19,'Can add session',7,'add_session'),(20,'Can change session',7,'change_session'),(21,'Can delete session',7,'delete_session'),(22,'Can add Educational Details',8,'add_educationdetails'),(23,'Can change Educational Details',8,'change_educationdetails'),(24,'Can delete Educational Details',8,'delete_educationdetails'),(25,'Can add Employment Details',9,'add_employmentdetails'),(26,'Can change Employment Details',9,'change_employmentdetails'),(27,'Can delete Employment Details',9,'delete_employmentdetails'),(28,'Can add User Profile',10,'add_userprofile'),(29,'Can change User Profile',10,'change_userprofile'),(30,'Can delete User Profile',10,'delete_userprofile'),(31,'Can add Social Profiles',11,'add_socialprofiles'),(32,'Can change Social Profiles',11,'change_socialprofiles'),(33,'Can delete Social Profiles',11,'delete_socialprofiles'),(34,'Can add Request',12,'add_request'),(35,'Can change Request',12,'change_request'),(36,'Can delete Request',12,'delete_request'),(37,'Can add Call Log',13,'add_calllog'),(38,'Can change Call Log',13,'change_calllog'),(39,'Can delete Call Log',13,'delete_calllog'),(40,'Can add Feedback',14,'add_feedback'),(41,'Can change Feedback',14,'change_feedback'),(42,'Can delete Feedback',14,'delete_feedback'),(43,'Can add verification codes',15,'add_verificationcodes'),(44,'Can change verification codes',15,'change_verificationcodes'),(45,'Can delete verification codes',15,'delete_verificationcodes'),(46,'Can add email address',16,'add_emailaddress'),(47,'Can change email address',16,'change_emailaddress'),(48,'Can delete email address',16,'delete_emailaddress'),(49,'Can add email confirmation',17,'add_emailconfirmation'),(50,'Can change email confirmation',17,'change_emailconfirmation'),(51,'Can delete email confirmation',17,'delete_emailconfirmation'),(52,'Can add social application',18,'add_socialapp'),(53,'Can change social application',18,'change_socialapp'),(54,'Can delete social application',18,'delete_socialapp'),(55,'Can add social account',19,'add_socialaccount'),(56,'Can change social account',19,'change_socialaccount'),(57,'Can delete social account',19,'delete_socialaccount'),(58,'Can add social application token',20,'add_socialtoken'),(59,'Can change social application token',20,'change_socialtoken'),(60,'Can delete social application token',20,'delete_socialtoken'),(61,'Can add user activity',21,'add_useractivity'),(62,'Can change user activity',21,'change_useractivity'),(63,'Can delete user activity',21,'delete_useractivity'),(64,'Can add timings',22,'add_timings'),(65,'Can change timings',22,'change_timings'),(66,'Can delete timings',22,'delete_timings'),(67,'Can add Credits',23,'add_credits'),(68,'Can change Credits',23,'change_credits'),(69,'Can delete Credits',23,'delete_credits'),(70,'Can add notification',24,'add_notification'),(71,'Can change notification',24,'change_notification'),(72,'Can delete notification',24,'delete_notification'),(73,'Can add ratings',25,'add_ratings'),(74,'Can change ratings',25,'change_ratings'),(75,'Can delete ratings',25,'delete_ratings'),(76,'Can add todo',26,'add_todo'),(77,'Can change todo',26,'change_todo'),(78,'Can delete todo',26,'delete_todo'),(79,'Can add task state',27,'add_taskmeta'),(80,'Can change task state',27,'change_taskmeta'),(81,'Can delete task state',27,'delete_taskmeta'),(82,'Can add saved group result',28,'add_tasksetmeta'),(83,'Can change saved group result',28,'change_tasksetmeta'),(84,'Can delete saved group result',28,'delete_tasksetmeta'),(85,'Can add interval',29,'add_intervalschedule'),(86,'Can change interval',29,'change_intervalschedule'),(87,'Can delete interval',29,'delete_intervalschedule'),(88,'Can add crontab',30,'add_crontabschedule'),(89,'Can change crontab',30,'change_crontabschedule'),(90,'Can delete crontab',30,'delete_crontabschedule'),(91,'Can add periodic tasks',31,'add_periodictasks'),(92,'Can change periodic tasks',31,'change_periodictasks'),(93,'Can delete periodic tasks',31,'delete_periodictasks'),(94,'Can add periodic task',32,'add_periodictask'),(95,'Can change periodic task',32,'change_periodictask'),(96,'Can delete periodic task',32,'delete_periodictask'),(97,'Can add worker',33,'add_workerstate'),(98,'Can change worker',33,'change_workerstate'),(99,'Can delete worker',33,'delete_workerstate'),(100,'Can add task',34,'add_taskstate'),(101,'Can change task',34,'change_taskstate'),(102,'Can delete task',34,'delete_taskstate'),(103,'Can add queue',35,'add_queue'),(104,'Can change queue',35,'change_queue'),(105,'Can delete queue',35,'delete_queue'),(106,'Can add message',36,'add_message'),(107,'Can change message',36,'change_message'),(108,'Can delete message',36,'delete_message');
/*!40000 ALTER TABLE `auth_permission` ENABLE KEYS */;
UNLOCK TABLES;

--
-- Table structure for table `auth_user`
--

DROP TABLE IF EXISTS `auth_user`;
/*!40101 SET @saved_cs_client     = @@character_set_client */;
/*!40101 SET character_set_client = utf8 */;
CREATE TABLE `auth_user` (
  `id` int(11) NOT NULL AUTO_INCREMENT,
  `password` varchar(128) NOT NULL,
  `last_login` datetime NOT NULL,
  `is_superuser` tinyint(1) NOT NULL,
  `username` varchar(30) NOT NULL,
  `first_name` varchar(30) NOT NULL,
  `last_name` varchar(30) NOT NULL,
  `email` varchar(75) NOT NULL,
  `is_staff` tinyint(1) NOT NULL,
  `is_active` tinyint(1) NOT NULL,
  `date_joined` datetime NOT NULL,
  PRIMARY KEY (`id`),
  UNIQUE KEY `username` (`username`)
) ENGINE=InnoDB AUTO_INCREMENT=73 DEFAULT CHARSET=latin1;
/*!40101 SET character_set_client = @saved_cs_client */;

--
-- Dumping data for table `auth_user`
--

LOCK TABLES `auth_user` WRITE;
/*!40000 ALTER TABLE `auth_user` DISABLE KEYS */;
INSERT INTO `auth_user` VALUES (1,'pbkdf2_sha256$12000$0wkqzps1kyGU$AZhmHXcSLK3AkVy20mXO+D4DKaeV5OBdW3cH1wjsr7w=','2015-07-09 07:05:53',1,'ubuntu','','','admin@mentorbuddy.in',1,1,'2015-05-10 03:48:34'),(23,'pbkdf2_sha256$12000$vElW2ZQI5OLy$ujkHnA/58sqqMwhyPWphA7jTapbb/lRh6Qaj6j5X9/I=','2015-06-29 02:48:19',1,'abhijeet','Abhijeet','Khandagale','abhijeetkhan@gmail.com',0,1,'2015-05-24 22:20:48'),(26,'pbkdf2_sha256$12000$RfmY6HwSJ4C3$5RItD9thHS3nH0yhcHG7r3t09Do9+Gjy1vJy+sUkZ1U=','2015-06-15 15:18:04',0,'sachin','Sachin','Farfad-Patil','f_sachin@yahoo.co.in',0,1,'2015-05-26 13:15:10'),(27,'','2015-05-26 13:23:30',0,'sachin.mitsde@gmail.com','Sachin','Patil','sachin.mitsde@gmail.com',0,1,'2015-05-26 13:23:30'),(29,'pbkdf2_sha256$12000$7O4mNxQm4ELJ$Kk6lUZ/8qlcWPxcnxWaIIPy9mYmv7g5mJxOKlzelsQA=','2015-05-27 06:52:53',0,'ankur','Ankur','Anand','ankurtech3@gmail.com',0,1,'2015-05-27 06:52:53'),(30,'pbkdf2_sha256$12000$5c5wfwr2WJKs$jpX7X40QpNnCOuNNXuYJcSnheTEhqsElsxbPvmDd8go=','2015-05-27 09:27:02',0,'tanmay','Tanmay','Nayak','tanmaynayak@rocketmail.com',0,1,'2015-05-27 09:27:02'),(34,'pbkdf2_sha256$12000$fUaCxGW8r7pR$a8TIawcs+N1LuRC+o5g9leJEUXdGbHobMEonHOpTMvI=','2015-07-12 09:48:49',0,'mentee@mb.in','Jane','Doe','mentee@mb.in',0,1,'2015-05-30 12:15:38'),(39,'!OQPPaobUjuKXxn2P2amraOuT1qvweNSxc7NJSjdy','2015-06-07 17:13:34',0,'anmol','Anmol','Shukla','anmol.shkl@gmail.com',0,1,'2015-06-07 17:13:34'),(40,'pbkdf2_sha256$12000$uRdEhYm5ydkB$TC3AsZogleQgZpywJuw7nG7UwvP0+PmxyBfLNeRfIic=','2015-06-09 19:06:09',0,'pallavides@gmail.com','Pallavi','Deshmukh','pallavides@gmail.com',0,1,'2015-06-09 18:26:05'),(41,'pbkdf2_sha256$12000$MJbJ07xD2Rkx$MLVokGDfRdLO2Gx9vnnnEEDeUUqxYFtv/F/AEJzJi+4=','2015-07-12 07:07:29',0,'mentor@mb.in','John','Doe','mentor@mb.in',0,1,'2015-06-14 13:04:55'),(42,'pbkdf2_sha256$12000$16oOo1y3JGPm$jK4QXBoEQLSgt7KUsYdXXJnuSAV8FzilM49IIAKOxAk=','2015-06-17 17:33:57',0,'akole.aditya3@gmail.com','Aditya','Akole','akole.aditya3@gmail.com',0,1,'2015-06-17 17:33:06'),(43,'pbkdf2_sha256$12000$ciJTRaLARAwr$L+R/lnVPLxrsybOL3HbZyYdeqnPm1jMDuytCo0ehE7A=','2015-06-18 12:45:36',0,'erankitamathankar@gmail.com','Ankita','Mathankar','erankitamathankar@gmail.com',0,1,'2015-06-18 12:43:44'),(44,'pbkdf2_sha256$12000$wuxAhJi4foSx$hasAVftbKG/ZaqLvccQE7o6nVb5n6kwHPy8InV9kkf0=','2015-06-18 12:48:17',0,'sbahadure26@gmail.com','Sneha','Bahadure','sbahadure26@gmail.com',0,1,'2015-06-18 12:46:58'),(45,'pbkdf2_sha256$12000$nKm5OPYn7Gel$UnxuriYP1y35AeZIqBqo1jJ+4qVQWstil9m0Nv/jGus=','2015-06-18 15:04:43',0,'rajatakre@gmail.com','Rajat','Akre','rajatakre@gmail.com',0,1,'2015-06-18 15:01:28'),(46,'pbkdf2_sha256$12000$N2f3YmH8FTbO$S07tEBAuSsV4svmf/fCvTbyKbOXdiqewcLMiAgiVelA=','2015-07-13 17:06:41',0,'priyanka','Priyanka','Deo','pdeo6@gatech.edu',0,1,'2015-06-20 17:27:45'),(47,'pbkdf2_sha256$12000$YnJdIntkCs8h$1NNMo4vkqmMg9vLWxTjkFzyr4F1BB8V9uywOe1tEQio=','2015-06-20 17:38:39',0,'prajesomi@gatech.edu','Priyanka','Deo','prajesomi@gatech.edu',0,1,'2015-06-20 17:35:54'),(48,'','2015-06-22 07:53:38',0,'yadavmihir63@gmail.com','Mihir','Yadav','yadavmihir63@gmail.com',0,1,'2015-06-22 07:52:01'),(49,'pbkdf2_sha256$12000$PigNC1SKeYMX$PYDUrMiDOMxIk8iggLxCWOFgvcq3VYv5E9UvC8vZ7Lg=','2015-06-24 08:33:22',0,'saketchourasia@yahoo.co.in','Saket','Chourasia','saketchourasia@yahoo.co.in',0,1,'2015-06-24 08:30:04'),(50,'pbkdf2_sha256$12000$TH8N98mSQr5w$zOuQT8+Gff4+GRqcGXv/9xuq62bIxU5TISUEFAX8iGM=','2015-06-24 19:48:05',0,'hamed','Hamed','Poursharafoddin','h.poursharafoddin@gmail.com',0,1,'2015-06-24 19:48:04'),(51,'pbkdf2_sha256$12000$rGs2ONXUWQrK$aigjCcYoREDcQvKt2/bTMooWEz82MI3u3w6HSfosgPo=','2015-06-25 11:26:43',0,'manavbatra@outlook.com','Manav','Batra','manavbatra@outlook.com',0,1,'2015-06-25 11:25:41'),(52,'pbkdf2_sha256$12000$S2FoEza2qZKz$/mFpRZ3ZR/LuIbmkKeVsosevlAAS1C0zfRCuTVrcy84=','2015-06-30 20:55:01',0,'s.parate1791@gmail.com','Snehal','Parate','s.parate1791@gmail.com',0,1,'2015-06-30 20:54:47'),(53,'pbkdf2_sha256$12000$KqRyL1AqT6yH$HU21CTWfHVtZ62s3S7SYhbGcaWG6Pgw0UT2ip2omMx8=','2015-07-06 18:42:26',0,'aditya','Aditya','Pandhare','adityanitwster@gmail.com',0,1,'2015-07-06 18:42:25'),(54,'pbkdf2_sha256$12000$7Vx7sRceAr2T$Z4iXaHmt6aTpR0SZrMtKEJlUwVGG1IyDtyG4LyP5yfQ=','2015-07-07 17:06:30',0,'samthegold@rediffmail.com','Sam','Gold','samthegold@rediffmail.com',0,1,'2015-07-07 17:05:35'),(55,'pbkdf2_sha256$12000$6FCTpNYrGLVf$Uu8ZMEuj+LeXiTpZiY1mvvegJByMWxZDlNpWIvTQJXs=','2015-07-08 08:57:49',0,'ankitk63@gmail.com','Ankit','Kumar','ankitk63@gmail.com',0,1,'2015-07-08 08:57:36'),(56,'pbkdf2_sha256$12000$UxxgWRVAjoNK$t7LnR0iFPPvwmd90urTYUGUFznPJcpP92CT5fM7UR/E=','2015-07-10 17:15:16',0,'mansimor2094@gmail.com','Mansi','Mor','mansimor2094@gmail.com',0,1,'2015-07-10 17:13:35'),(57,'','2015-07-12 05:39:44',0,'abhijeet1994@gmail.com','Abhijeet','Mishra','abhijeet1994@gmail.com',0,1,'2015-07-12 05:39:44'),(58,'pbkdf2_sha256$12000$VRpWYkPK2H1e$c4xbkVGEylVLGpE3qPojJp0SZhtNN3aHv34vGBoReGg=','2015-07-12 07:55:03',0,'sohamudaygadgil@gmail.com','Soham','Gadgil','sohamudaygadgil@gmail.com',0,1,'2015-07-12 06:00:45'),(59,'pbkdf2_sha256$12000$hW02W6p1mOHb$7R/n/kAf6pya6EzQLKugIJsorW3OJE94DWrk6OD1OKw=','2015-07-12 06:44:47',0,'abhijeet@mentorbuddy.in','Abhijeet','Khandagale','abhijeet@mentorbuddy.in',0,1,'2015-07-12 06:44:27'),(60,'pbkdf2_sha256$12000$pryW4YhZouSd$/DR9qtsamC/G0i7nYMYpISEpF5BwMq5jZLe5+WssuEU=','2015-07-12 08:00:13',0,'gadgilu@gmail.com','Soham','Gadgil','gadgilu@gmail.com',0,1,'2015-07-12 07:59:35'),(61,'pbkdf2_sha256$12000$MNdbQH07NO3I$9qLGUcWBCr5ZI9/QbWQfcFSeuIIEhe6dESg45Y+Pj/M=','2015-07-12 08:00:31',0,'tejaschoudhary@utexas.edu','Tejas','Choudhary','tejaschoudhary@utexas.edu',0,1,'2015-07-12 08:00:10'),(62,'pbkdf2_sha256$12000$TL9yDx3EFppr$KHRFyBpz5M0qNpGBAm377vtte5trh7ofulVY0HKmhww=','2015-07-13 05:14:41',0,'shreyas.bhave77@gmail.com','Shreyas','Bhave','shreyas.bhave77@gmail.com',0,1,'2015-07-12 08:45:00'),(63,'pbkdf2_sha256$12000$3bwB4Uw8Duhz$46gmgnsHV+trR2GPDY5IYizlsk+6YL0cMFvdbj68h/U=','2015-07-12 14:16:17',0,'nihalshah1996@gmail.com','Nihal','Shah','nihalshah1996@gmail.com',0,1,'2015-07-12 14:15:45'),(64,'pbkdf2_sha256$12000$IJd6pyQU6HN8$sq0VVy+UGWzHgiUJkJpCfLbVuf6dE9hxd408SxDv3Eg=','2015-07-12 23:23:15',0,'aje5253@psu.edu','Ahmet','Ersahin','aje5253@psu.edu',0,1,'2015-07-12 20:27:51'),(65,'','2015-07-13 03:49:04',0,'rajat.dashrath@gmail.com','Rajat','Dashrath ','rajat.dashrath@gmail.com',0,1,'2015-07-13 03:49:04'),(66,'pbkdf2_sha256$12000$zLa4HTrREsIG$SK2jpt3BWkm7xorzIQCoQjK7GD8Ojlta7GxzOgNkvms=','2015-07-13 07:42:38',0,'hrishikesh','Hrishikesh','Rao','hrishikeshrao94@gmail.com',0,1,'2015-07-13 07:34:59'),(67,'pbkdf2_sha256$12000$Lu3gjAL7xfFy$+wFzNMd/l3wCS2Ny1mKoZjvBOxGBS2wh1L4q18JR/m8=','2015-07-13 12:06:13',0,'abhi30196@gmail.com','Abhi','Ramchandani','abhi30196@gmail.com',0,1,'2015-07-13 12:05:02'),(68,'pbkdf2_sha256$12000$t9NuKcxqkwVc$cJYmwS3rwLQyjTp3j8DHWruwNwsO9GSfsN/BqHavWTs=','2015-07-13 13:09:23',0,'srishtigupta42@gmail.com','Srishti','Gupta','srishtigupta42@gmail.com',0,1,'2015-07-13 12:58:32'),(69,'pbkdf2_sha256$12000$OeStdYOazqOG$wGMsDqqTIzwo2pHLjVf4OopEPpgKXjcRFq/KRJ4M8/M=','2015-07-13 13:13:51',0,'pranoti.ksagar@gmail.com','Pranoti','Kshirsagar','pranoti.ksagar@gmail.com',0,1,'2015-07-13 13:13:41'),(70,'pbkdf2_sha256$12000$LfMXy17Zltnq$DCHDvU9gMqM49xk90LQck6z3SdWxmf9D4Vk7nUiYz7I=','2015-07-13 16:18:01',0,'mihir.kumar@outlook.com','Mihir','Kumar','mihir.kumar@outlook.com',0,1,'2015-07-13 16:16:56'),(71,'pbkdf2_sha256$12000$Yb37t5KyFqQU$gxgi4+4jElhvqgXByAiw51a+nr08X6J6SSSMtHklA0c=','2015-07-13 16:33:27',0,'pratikkulkarni392@outlook.com','Pratik ','Kulkarni ','pratikkulkarni392@outlook.com',0,1,'2015-07-13 16:33:02'),(72,'pbkdf2_sha256$12000$LhEVqNZT5j2G$DNeRyY/5pVZSnGSr7PlOFzyPWtFDA1m7K0/NTFUFnqM=','2015-07-13 22:18:56',0,'agg2537@gmail.com','Aman','Aggarwal','agg2537@gmail.com',0,1,'2015-07-13 22:18:44');
/*!40000 ALTER TABLE `auth_user` ENABLE KEYS */;
UNLOCK TABLES;

--
-- Table structure for table `auth_user_groups`
--

DROP TABLE IF EXISTS `auth_user_groups`;
/*!40101 SET @saved_cs_client     = @@character_set_client */;
/*!40101 SET character_set_client = utf8 */;
CREATE TABLE `auth_user_groups` (
  `id` int(11) NOT NULL AUTO_INCREMENT,
  `user_id` int(11) NOT NULL,
  `group_id` int(11) NOT NULL,
  PRIMARY KEY (`id`),
  UNIQUE KEY `user_id` (`user_id`,`group_id`),
  KEY `auth_user_groups_e8701ad4` (`user_id`),
  KEY `auth_user_groups_0e939a4f` (`group_id`),
  CONSTRAINT `auth_user_groups_group_id_33ac548dcf5f8e37_fk_auth_group_id` FOREIGN KEY (`group_id`) REFERENCES `auth_group` (`id`),
  CONSTRAINT `auth_user_groups_user_id_4b5ed4ffdb8fd9b0_fk_auth_user_id` FOREIGN KEY (`user_id`) REFERENCES `auth_user` (`id`)
) ENGINE=InnoDB DEFAULT CHARSET=latin1;
/*!40101 SET character_set_client = @saved_cs_client */;

--
-- Dumping data for table `auth_user_groups`
--

LOCK TABLES `auth_user_groups` WRITE;
/*!40000 ALTER TABLE `auth_user_groups` DISABLE KEYS */;
/*!40000 ALTER TABLE `auth_user_groups` ENABLE KEYS */;
UNLOCK TABLES;

--
-- Table structure for table `auth_user_user_permissions`
--

DROP TABLE IF EXISTS `auth_user_user_permissions`;
/*!40101 SET @saved_cs_client     = @@character_set_client */;
/*!40101 SET character_set_client = utf8 */;
CREATE TABLE `auth_user_user_permissions` (
  `id` int(11) NOT NULL AUTO_INCREMENT,
  `user_id` int(11) NOT NULL,
  `permission_id` int(11) NOT NULL,
  PRIMARY KEY (`id`),
  UNIQUE KEY `user_id` (`user_id`,`permission_id`),
  KEY `auth_user_user_permissions_e8701ad4` (`user_id`),
  KEY `auth_user_user_permissions_8373b171` (`permission_id`),
  CONSTRAINT `auth_user_user_permissi_user_id_7f0938558328534a_fk_auth_user_id` FOREIGN KEY (`user_id`) REFERENCES `auth_user` (`id`),
  CONSTRAINT `auth_user_u_permission_id_384b62483d7071f0_fk_auth_permission_id` FOREIGN KEY (`permission_id`) REFERENCES `auth_permission` (`id`)
) ENGINE=InnoDB DEFAULT CHARSET=latin1;
/*!40101 SET character_set_client = @saved_cs_client */;

--
-- Dumping data for table `auth_user_user_permissions`
--

LOCK TABLES `auth_user_user_permissions` WRITE;
/*!40000 ALTER TABLE `auth_user_user_permissions` DISABLE KEYS */;
/*!40000 ALTER TABLE `auth_user_user_permissions` ENABLE KEYS */;
UNLOCK TABLES;

--
-- Table structure for table `celery_taskmeta`
--

DROP TABLE IF EXISTS `celery_taskmeta`;
/*!40101 SET @saved_cs_client     = @@character_set_client */;
/*!40101 SET character_set_client = utf8 */;
CREATE TABLE `celery_taskmeta` (
  `id` int(11) NOT NULL AUTO_INCREMENT,
  `task_id` varchar(255) NOT NULL,
  `status` varchar(50) NOT NULL,
  `result` longtext,
  `date_done` datetime NOT NULL,
  `traceback` longtext,
  `hidden` tinyint(1) NOT NULL,
  `meta` longtext,
  PRIMARY KEY (`id`),
  UNIQUE KEY `task_id` (`task_id`),
  KEY `celery_taskmeta_2ff6b945` (`hidden`)
) ENGINE=InnoDB AUTO_INCREMENT=28350 DEFAULT CHARSET=latin1;
/*!40101 SET character_set_client = @saved_cs_client */;

--
-- Dumping data for table `celery_taskmeta`
--

LOCK TABLES `celery_taskmeta` WRITE;
/*!40000 ALTER TABLE `celery_taskmeta` DISABLE KEYS */;
INSERT INTO `celery_taskmeta` VALUES (28295,'6777f250-051c-408a-a413-bc00a9e275f3','SUCCESS',NULL,'2015-07-03 04:00:53',NULL,0,'eJxrYKotZIzgYGBgSM7IzEkpSs0rZIotZC7WAwBWuwcA'),(28296,'253c0e0f-9df4-4ac8-821a-72b61f22592e','SUCCESS',NULL,'2015-07-03 04:28:52',NULL,0,'eJxrYKotZIzgYGBgSM7IzEkpSs0rZIotZC7WAwBWuwcA'),(28297,'e1b310b2-15a2-478d-a173-74fbb53d934a','SUCCESS',NULL,'2015-07-03 04:58:51',NULL,0,'eJxrYKotZIzgYGBgSM7IzEkpSs0rZIotZC7WAwBWuwcA'),(28298,'7986db3b-ccba-4866-9ba6-8e95ef8100ad','SUCCESS',NULL,'2015-07-03 05:29:16',NULL,0,'eJxrYKotZIzgYGBgSM7IzEkpSs0rZIotZC7WAwBWuwcA'),(28299,'a314f79d-ea7d-4989-bf25-c38b3a4d0b74','SUCCESS',NULL,'2015-07-03 05:59:02',NULL,0,'eJxrYKotZIzgYGBgSM7IzEkpSs0rZIotZC7WAwBWuwcA'),(28300,'29921e76-fe9c-44c1-ae8e-9c39a1cfa173','SUCCESS',NULL,'2015-07-03 06:31:59',NULL,0,'eJxrYKotZIzgYGBgSM7IzEkpSs0rZIotZC7WAwBWuwcA'),(28301,'fa3d0e7d-96b1-44c9-b301-3d92f2f15ccb','SUCCESS',NULL,'2015-07-03 06:58:53',NULL,0,'eJxrYKotZIzgYGBgSM7IzEkpSs0rZIotZC7WAwBWuwcA'),(28302,'cdac764e-fdbb-4a7c-9801-75c7c05d74a0','SUCCESS',NULL,'2015-07-03 07:28:58',NULL,0,'eJxrYKotZIzgYGBgSM7IzEkpSs0rZIotZC7WAwBWuwcA'),(28303,'4154acf1-5d29-4ecf-95dd-6865fa3507be','SUCCESS',NULL,'2015-07-03 07:59:09',NULL,0,'eJxrYKotZIzgYGBgSM7IzEkpSs0rZIotZC7WAwBWuwcA'),(28304,'05f7daee-c748-4f43-84ae-768ba3ca25b0','SUCCESS',NULL,'2015-07-03 08:29:30',NULL,0,'eJxrYKotZIzgYGBgSM7IzEkpSs0rZIotZC7WAwBWuwcA'),(28305,'96a96fac-acef-4d6e-b5cd-623898d0dbbf','SUCCESS',NULL,'2015-07-03 08:59:10',NULL,0,'eJxrYKotZIzgYGBgSM7IzEkpSs0rZIotZC7WAwBWuwcA'),(28306,'98da7db9-751b-4c98-9814-9f4f9ffca49d','SUCCESS',NULL,'2015-07-03 09:29:18',NULL,0,'eJxrYKotZIzgYGBgSM7IzEkpSs0rZIotZC7WAwBWuwcA'),(28307,'6f75fc68-8863-4445-b859-5176d78a9789','SUCCESS',NULL,'2015-07-03 09:59:16',NULL,0,'eJxrYKotZIzgYGBgSM7IzEkpSs0rZIotZC7WAwBWuwcA'),(28308,'f02c809c-e1fd-4479-9548-55ae1997dcae','SUCCESS',NULL,'2015-07-03 10:29:19',NULL,0,'eJxrYKotZIzgYGBgSM7IzEkpSs0rZIotZC7WAwBWuwcA'),(28309,'70f38ddb-e57f-47d8-854a-9e32054e3a8a','SUCCESS',NULL,'2015-07-03 10:59:16',NULL,0,'eJxrYKotZIzgYGBgSM7IzEkpSs0rZIotZC7WAwBWuwcA'),(28310,'23f5618a-4b6b-40f3-bc02-470c23ddf3a1','SUCCESS',NULL,'2015-07-03 11:29:32',NULL,0,'eJxrYKotZIzgYGBgSM7IzEkpSs0rZIotZC7WAwBWuwcA'),(28311,'b972628b-74b5-4927-93b3-2685d22e62e7','SUCCESS',NULL,'2015-07-03 11:59:14',NULL,0,'eJxrYKotZIzgYGBgSM7IzEkpSs0rZIotZC7WAwBWuwcA'),(28312,'ca0fa80f-2733-4269-97b4-c76357f3858a','SUCCESS',NULL,'2015-07-03 12:29:11',NULL,0,'eJxrYKotZIzgYGBgSM7IzEkpSs0rZIotZC7WAwBWuwcA'),(28313,'19523f24-c806-4707-9328-5db2b86ab8d2','SUCCESS',NULL,'2015-07-03 12:59:21',NULL,0,'eJxrYKotZIzgYGBgSM7IzEkpSs0rZIotZC7WAwBWuwcA'),(28314,'74e7f58a-dc23-4193-a3bd-1f8acc543ca0','SUCCESS',NULL,'2015-07-03 13:29:20',NULL,0,'eJxrYKotZIzgYGBgSM7IzEkpSs0rZIotZC7WAwBWuwcA'),(28315,'a0a519ca-a9f2-4ee7-b3c0-34ed1bc9e135','SUCCESS',NULL,'2015-07-03 13:59:12',NULL,0,'eJxrYKotZIzgYGBgSM7IzEkpSs0rZIotZC7WAwBWuwcA'),(28316,'2615d606-9020-412e-9e64-c1aac51b05c9','SUCCESS',NULL,'2015-07-03 14:29:22',NULL,0,'eJxrYKotZIzgYGBgSM7IzEkpSs0rZIotZC7WAwBWuwcA'),(28317,'5015466a-25b7-4146-a132-46deab5d8786','SUCCESS',NULL,'2015-07-03 14:59:15',NULL,0,'eJxrYKotZIzgYGBgSM7IzEkpSs0rZIotZC7WAwBWuwcA'),(28318,'670b8e83-37f8-4f58-8801-918fe3fb76ed','SUCCESS',NULL,'2015-07-03 15:29:40',NULL,0,'eJxrYKotZIzgYGBgSM7IzEkpSs0rZIotZC7WAwBWuwcA'),(28319,'ac1f7594-bce3-4e79-bf78-d8aca2855736','SUCCESS',NULL,'2015-07-03 15:59:56',NULL,0,'eJxrYKotZIzgYGBgSM7IzEkpSs0rZIotZC7WAwBWuwcA'),(28320,'a5db2ebf-76aa-4f28-96bf-d71ae286f960','SUCCESS',NULL,'2015-07-03 16:30:21',NULL,0,'eJxrYKotZIzgYGBgSM7IzEkpSs0rZIotZC7WAwBWuwcA'),(28321,'db3e998b-235d-412e-88b1-f01939b69459','SUCCESS',NULL,'2015-07-03 17:00:26',NULL,0,'eJxrYKotZIzgYGBgSM7IzEkpSs0rZIotZC7WAwBWuwcA'),(28322,'cb5c9613-b0e2-4b99-abb1-85e303499381','SUCCESS',NULL,'2015-07-03 17:30:44',NULL,0,'eJxrYKotZIzgYGBgSM7IzEkpSs0rZIotZC7WAwBWuwcA'),(28323,'514aa288-d512-4ee6-b8d5-a52f9a825c15','SUCCESS',NULL,'2015-07-03 18:00:49',NULL,0,'eJxrYKotZIzgYGBgSM7IzEkpSs0rZIotZC7WAwBWuwcA'),(28324,'85730a06-2da9-46f4-8193-27a92cbc92c8','SUCCESS',NULL,'2015-07-03 18:31:10',NULL,0,'eJxrYKotZIzgYGBgSM7IzEkpSs0rZIotZC7WAwBWuwcA'),(28325,'d07fd488-d753-43a3-aa79-44ebd6009c52','SUCCESS',NULL,'2015-07-03 19:00:51',NULL,0,'eJxrYKotZIzgYGBgSM7IzEkpSs0rZIotZC7WAwBWuwcA'),(28326,'1d11cdb8-320d-4c39-b5e1-5573c37f1ff6','SUCCESS',NULL,'2015-07-03 19:31:07',NULL,0,'eJxrYKotZIzgYGBgSM7IzEkpSs0rZIotZC7WAwBWuwcA'),(28327,'5f3a0049-a288-4b92-a242-f168fcd64125','SUCCESS',NULL,'2015-07-03 20:01:13',NULL,0,'eJxrYKotZIzgYGBgSM7IzEkpSs0rZIotZC7WAwBWuwcA'),(28328,'94c922ae-a4f4-4c1f-838d-685c19555c9e','SUCCESS',NULL,'2015-07-03 20:30:47',NULL,0,'eJxrYKotZIzgYGBgSM7IzEkpSs0rZIotZC7WAwBWuwcA'),(28329,'f62b3aad-386f-405c-90ff-fad810015f26','SUCCESS',NULL,'2015-07-03 21:01:05',NULL,0,'eJxrYKotZIzgYGBgSM7IzEkpSs0rZIotZC7WAwBWuwcA'),(28330,'06dd5324-ce20-49eb-bf3b-c2ce24db15a8','SUCCESS',NULL,'2015-07-03 21:30:58',NULL,0,'eJxrYKotZIzgYGBgSM7IzEkpSs0rZIotZC7WAwBWuwcA'),(28331,'40b9d4c4-e276-49fe-abb4-ea3320c7ad51','SUCCESS',NULL,'2015-07-03 22:01:26',NULL,0,'eJxrYKotZIzgYGBgSM7IzEkpSs0rZIotZC7WAwBWuwcA'),(28332,'18b30de5-18b0-428b-a9a5-81be860b39fd','SUCCESS',NULL,'2015-07-03 22:31:15',NULL,0,'eJxrYKotZIzgYGBgSM7IzEkpSs0rZIotZC7WAwBWuwcA'),(28333,'430ca44a-e21e-4664-9d0e-a2930780ab64','SUCCESS',NULL,'2015-07-03 23:01:15',NULL,0,'eJxrYKotZIzgYGBgSM7IzEkpSs0rZIotZC7WAwBWuwcA'),(28334,'28e5deb1-974f-48ca-8afb-7a7d58f2bbd1','SUCCESS',NULL,'2015-07-03 23:31:12',NULL,0,'eJxrYKotZIzgYGBgSM7IzEkpSs0rZIotZC7WAwBWuwcA'),(28335,'5d4d4e8d-dcbe-4489-b9b9-023a569db1ca','SUCCESS',NULL,'2015-07-04 00:01:26',NULL,0,'eJxrYKotZIzgYGBgSM7IzEkpSs0rZIotZC7WAwBWuwcA'),(28336,'eff06c16-7103-4148-8733-db9dbb2677cb','SUCCESS',NULL,'2015-07-04 00:31:37',NULL,0,'eJxrYKotZIzgYGBgSM7IzEkpSs0rZIotZC7WAwBWuwcA'),(28337,'52f5f5f4-3483-4ad9-957b-632b01795e9c','SUCCESS',NULL,'2015-07-04 01:01:54',NULL,0,'eJxrYKotZIzgYGBgSM7IzEkpSs0rZIotZC7WAwBWuwcA'),(28338,'8087da07-84a1-4e69-a269-513628a123a0','SUCCESS',NULL,'2015-07-04 01:31:56',NULL,0,'eJxrYKotZIzgYGBgSM7IzEkpSs0rZIotZC7WAwBWuwcA'),(28339,'9e3054fc-bdcc-40e8-9848-b04be8876ebe','SUCCESS',NULL,'2015-07-04 02:02:26',NULL,0,'eJxrYKotZIzgYGBgSM7IzEkpSs0rZIotZC7WAwBWuwcA'),(28340,'159ad272-8899-42b4-b154-6bc75aff5857','SUCCESS',NULL,'2015-07-04 02:32:28',NULL,0,'eJxrYKotZIzgYGBgSM7IzEkpSs0rZIotZC7WAwBWuwcA'),(28341,'7681bc00-9f90-413c-8b1c-1995b973cd55','SUCCESS',NULL,'2015-07-04 03:02:44',NULL,0,'eJxrYKotZIzgYGBgSM7IzEkpSs0rZIotZC7WAwBWuwcA'),(28342,'eee790bc-ac2d-4267-aa2f-5de1eaba751e','SUCCESS',NULL,'2015-07-04 03:32:13',NULL,0,'eJxrYKotZIzgYGBgSM7IzEkpSs0rZIotZC7WAwBWuwcA'),(28343,'850bfb18-ce8c-47ce-9150-b75f2dc77cd0','SUCCESS',NULL,'2015-07-04 04:00:38',NULL,0,'eJxrYKotZIzgYGBgSM7IzEkpSs0rZIotZC7WAwBWuwcA'),(28344,'da601135-292a-464e-b23a-d859bed1ffa1','SUCCESS',NULL,'2015-07-04 04:02:18',NULL,0,'eJxrYKotZIzgYGBgSM7IzEkpSs0rZIotZC7WAwBWuwcA'),(28345,'abab92f5-aa43-4832-adaf-415ddfec0276','SUCCESS',NULL,'2015-07-04 04:32:40',NULL,0,'eJxrYKotZIzgYGBgSM7IzEkpSs0rZIotZC7WAwBWuwcA'),(28346,'9bf49b89-994e-4d69-a937-0c68ba505d01','SUCCESS',NULL,'2015-07-04 05:02:22',NULL,0,'eJxrYKotZIzgYGBgSM7IzEkpSs0rZIotZC7WAwBWuwcA'),(28347,'2c2834aa-5b29-4a3d-ae26-d970fb640a75','SUCCESS',NULL,'2015-07-04 05:34:02',NULL,0,'eJxrYKotZIzgYGBgSM7IzEkpSs0rZIotZC7WAwBWuwcA'),(28348,'0cea64eb-7870-4281-8c57-e8d3b78a7f2f','SUCCESS',NULL,'2015-07-04 06:02:26',NULL,0,'eJxrYKotZIzgYGBgSM7IzEkpSs0rZIotZC7WAwBWuwcA'),(28349,'7ca16f5b-5294-469a-89f0-bcc5b7920169','SUCCESS',NULL,'2015-07-04 06:39:00',NULL,0,'eJxrYKotZIzgYGBgSM7IzEkpSs0rZIotZC7WAwBWuwcA');
/*!40000 ALTER TABLE `celery_taskmeta` ENABLE KEYS */;
UNLOCK TABLES;

--
-- Table structure for table `celery_tasksetmeta`
--

DROP TABLE IF EXISTS `celery_tasksetmeta`;
/*!40101 SET @saved_cs_client     = @@character_set_client */;
/*!40101 SET character_set_client = utf8 */;
CREATE TABLE `celery_tasksetmeta` (
  `id` int(11) NOT NULL AUTO_INCREMENT,
  `taskset_id` varchar(255) NOT NULL,
  `result` longtext NOT NULL,
  `date_done` datetime NOT NULL,
  `hidden` tinyint(1) NOT NULL,
  PRIMARY KEY (`id`),
  UNIQUE KEY `taskset_id` (`taskset_id`),
  KEY `celery_tasksetmeta_2ff6b945` (`hidden`)
) ENGINE=InnoDB DEFAULT CHARSET=latin1;
/*!40101 SET character_set_client = @saved_cs_client */;

--
-- Dumping data for table `celery_tasksetmeta`
--

LOCK TABLES `celery_tasksetmeta` WRITE;
/*!40000 ALTER TABLE `celery_tasksetmeta` DISABLE KEYS */;
/*!40000 ALTER TABLE `celery_tasksetmeta` ENABLE KEYS */;
UNLOCK TABLES;

--
-- Table structure for table `django_admin_log`
--

DROP TABLE IF EXISTS `django_admin_log`;
/*!40101 SET @saved_cs_client     = @@character_set_client */;
/*!40101 SET character_set_client = utf8 */;
CREATE TABLE `django_admin_log` (
  `id` int(11) NOT NULL AUTO_INCREMENT,
  `action_time` datetime NOT NULL,
  `object_id` longtext,
  `object_repr` varchar(200) NOT NULL,
  `action_flag` smallint(5) unsigned NOT NULL,
  `change_message` longtext NOT NULL,
  `content_type_id` int(11) DEFAULT NULL,
  `user_id` int(11) NOT NULL,
  PRIMARY KEY (`id`),
  KEY `django_admin_log_417f1b1c` (`content_type_id`),
  KEY `django_admin_log_e8701ad4` (`user_id`),
  CONSTRAINT `django_admin_log_user_id_52fdd58701c5f563_fk_auth_user_id` FOREIGN KEY (`user_id`) REFERENCES `auth_user` (`id`),
  CONSTRAINT `djang_content_type_id_697914295151027a_fk_django_content_type_id` FOREIGN KEY (`content_type_id`) REFERENCES `django_content_type` (`id`)
) ENGINE=InnoDB AUTO_INCREMENT=84 DEFAULT CHARSET=latin1;
/*!40101 SET character_set_client = @saved_cs_client */;

--
-- Dumping data for table `django_admin_log`
--

LOCK TABLES `django_admin_log` WRITE;
/*!40000 ALTER TABLE `django_admin_log` DISABLE KEYS */;
INSERT INTO `django_admin_log` VALUES (1,'2015-05-10 03:58:46','1','mentorbuddy.in',2,'Changed domain and name.',1,1),(2,'2015-05-10 04:00:56','1','LinkedIn',2,'Changed sites.',18,1),(3,'2015-05-10 04:01:04','2','Facebook',2,'Changed sites.',18,1),(4,'2015-05-10 04:07:51','2','anmol',3,'',5,1),(5,'2015-05-10 09:45:21','3','Google',2,'Changed sites.',18,1),(6,'2015-05-12 11:26:00','8','abc@mailinator.com',3,'',5,1),(7,'2015-05-12 11:26:00','4','abhijeet',3,'',5,1),(8,'2015-05-12 11:26:00','3','anmol',3,'',5,1),(9,'2015-05-12 11:26:00','7','Anmol.sjhkl@gmail.com',3,'',5,1),(10,'2015-05-12 11:26:00','6','bgmntmailinator@gmail.com',3,'',5,1),(11,'2015-05-12 11:26:00','9','pallavi',3,'',5,1),(12,'2015-05-12 11:26:00','5','viresh.dhawan@gmail.com',3,'',5,1),(13,'2015-05-12 11:26:25','1','ubuntu',2,'Changed password.',5,1),(14,'2015-05-20 02:12:36','10','ewsrewzre@gn.com',3,'',5,1),(15,'2015-05-20 02:12:36','12','wareware@mailinator.com',3,'',5,1),(16,'2015-05-23 18:58:18','17','abhi@gmail.com',3,'',5,1),(17,'2015-05-23 18:58:18','14','abhijeet123@gmail.com',3,'',5,1),(18,'2015-05-23 18:58:18','16','abhijeet345@gmail.com',3,'',5,1),(19,'2015-05-23 18:58:18','20','abhijeet698696@gmail.com',3,'',5,1),(20,'2015-05-23 18:58:18','18','abhijeet987@gmail.com',3,'',5,1),(21,'2015-05-23 18:58:18','13','abhijeet@gmail.com',3,'',5,1),(22,'2015-05-23 18:58:18','15','abhijeetk@gmail.com',3,'',5,1),(23,'2015-05-23 18:58:18','21','aditya',3,'',5,1),(24,'2015-05-23 18:58:18','11','anmol',3,'',5,1),(25,'2015-05-23 18:58:18','19','Ayush@gmail.co',3,'',5,1),(26,'2015-05-25 07:08:02','23','abhijeet',2,'Changed is_superuser.',5,1),(27,'2015-05-27 09:26:35','25','abhijeet2',3,'',5,1),(28,'2015-05-27 09:26:35','28','kelly',3,'',5,1),(29,'2015-05-27 09:27:32','13','ankurtech3@gmail.com (ankur)',2,'Changed verified.',16,1),(30,'2015-05-27 09:27:46','8','abhijeetkhan@gmail.com (abhijeet)',2,'Changed verified.',16,1),(31,'2015-05-27 09:27:50','8','abhijeetkhan@gmail.com (abhijeet)',2,'No fields changed.',16,1),(32,'2015-05-27 09:27:57','9','anmol.shkl@gmail.com (anmol)',2,'Changed verified.',16,1),(33,'2015-05-27 09:28:14','11','f_sachin@yahoo.co.in (sachin)',2,'Changed verified.',16,1),(34,'2015-05-27 09:29:51','23','Abhijeet Khandagale',2,'Changed date_of_birth and is_approved.',10,1),(35,'2015-05-27 09:30:08','26','Sachin Farfad-Patil',2,'Changed is_approved.',10,1),(36,'2015-05-27 09:31:04','24','Anmol Shukla',2,'Changed is_approved.',10,1),(37,'2015-05-27 09:32:10','27','Sachin Patil',2,'Changed is_approved, email_verified and timezone.',10,1),(38,'2015-05-30 12:22:58','34','mentee@mb.in',2,'Changed password.',5,1),(39,'2015-05-30 12:23:24','33','mentor@mb.in',2,'Changed password.',5,1),(40,'2015-05-30 12:25:01','33','John Doe',2,'Changed is_mentor, is_new and timezone.',10,1),(41,'2015-05-30 12:36:20','34','Jane Doe',2,'Changed is_new and timezone.',10,1),(42,'2015-05-30 12:37:37','1','Jane to John for 2015-05-31',1,'',12,1),(43,'2015-05-30 13:33:11','1','Jane to John for 2015-05-30',2,'Changed dateTime.',12,1),(44,'2015-05-31 16:52:09','34','Jane Doe',1,'',23,1),(45,'2015-05-31 16:53:01','34','Jane Doe',2,'Changed balance.',23,1),(46,'2015-05-31 16:58:04','3','Jane to John for 2015-05-31',2,'Changed dateTime.',12,1),(47,'2015-06-01 05:42:18','4','Jane to John for 2015-06-01',3,'',12,1),(48,'2015-06-01 05:42:18','3','Jane to John for 2015-05-31',3,'',12,1),(49,'2015-06-01 05:42:18','2','Jane to John for 2015-05-31',3,'',12,1),(50,'2015-06-01 05:42:18','1','Jane to John for 2015-05-30',3,'',12,1),(51,'2015-06-01 05:44:08','5','Jane to John for 2015-06-01',2,'Changed dateTime.',12,1),(52,'2015-06-01 06:03:12','5','Jane to John for 2015-06-01',2,'Changed dateTime.',12,1),(53,'2015-06-07 10:15:37','24','anmol',3,'',5,1),(54,'2015-06-07 10:15:37','31','Aruna@gmail.com',3,'',5,1),(55,'2015-06-10 12:12:19','36','ad@hf.com',3,'',5,1),(56,'2015-06-10 12:12:19','35','afdf@mb.in',3,'',5,1),(57,'2015-06-10 12:12:19','38','jbjjb@Bjbjb.com',3,'',5,1),(58,'2015-06-10 12:12:19','32','kbkb@Bknbk.con',3,'',5,1),(59,'2015-06-10 12:12:19','37','ohoho@jolhol.com',3,'',5,1),(60,'2015-06-10 12:12:34','22','swati',3,'',5,1),(61,'2015-06-10 12:15:39','6','Pallavi Deshmukh',2,'No fields changed.',24,1),(62,'2015-06-14 13:03:51','33','mentor@mb.in',3,'',5,1),(63,'2015-06-15 07:11:03','8','Jane to John for 2015-06-15',2,'Changed dateTime.',12,1),(64,'2015-06-15 13:35:21','11','Jane to John for 2015-06-15',3,'',12,1),(65,'2015-06-15 13:35:21','10','Jane to John for 2015-06-15',3,'',12,1),(66,'2015-06-15 13:35:21','9','Jane to John for 2015-06-15',3,'',12,1),(67,'2015-06-15 13:35:21','8','Jane to John for 2015-06-15',3,'',12,1),(68,'2015-06-15 14:02:58','12','Jane to John for 2015-06-15',3,'',12,1),(69,'2015-06-17 08:20:00','26','Sachin Farfad-Patil',2,'Changed is_new.',10,1),(70,'2015-06-17 08:20:15','30','Tanmay Nayak',2,'Changed is_new and is_approved.',10,1),(71,'2015-06-17 08:20:31','23','Abhijeet Khandagale',2,'Changed is_new.',10,1),(72,'2015-06-17 08:33:42','27','Sachin Patil',2,'Changed is_mentor.',10,1),(73,'2015-06-17 08:35:23','23','Abhijeet Khandagale',2,'Changed is_mentor.',10,1),(74,'2015-06-17 08:35:42','23','Abhijeet Khandagale',2,'Changed is_mentor.',10,1),(75,'2015-06-20 17:49:03','46','Priyanka Deo',2,'Changed is_new and is_approved.',10,1),(76,'2015-06-20 17:49:22','47','Priyanka Deo',2,'Changed is_new, is_approved and email_verified.',10,1),(77,'2015-06-21 11:14:12','46','Priyanka Deo',2,'Changed gender.',10,1),(78,'2015-06-21 11:20:47','47','Priyanka Deo',2,'Changed gender.',10,1),(79,'2015-06-21 11:21:07','40','Pallavi Deshmukh',2,'Changed is_new, is_approved and email_verified.',10,1),(80,'2015-06-21 11:23:00','46','Priyanka Deo',2,'Changed college and city.',10,1),(81,'2015-06-23 09:07:08','48','Mihir Yadav',2,'Changed is_approved and email_verified.',10,1),(82,'2015-06-23 09:07:21','47','Priyanka Deo',2,'No fields changed.',10,1),(83,'2015-06-23 09:07:38','23','Abhijeet Khandagale',2,'No fields changed.',10,1);
/*!40000 ALTER TABLE `django_admin_log` ENABLE KEYS */;
UNLOCK TABLES;

--
-- Table structure for table `django_content_type`
--

DROP TABLE IF EXISTS `django_content_type`;
/*!40101 SET @saved_cs_client     = @@character_set_client */;
/*!40101 SET character_set_client = utf8 */;
CREATE TABLE `django_content_type` (
  `id` int(11) NOT NULL AUTO_INCREMENT,
  `name` varchar(100) NOT NULL,
  `app_label` varchar(100) NOT NULL,
  `model` varchar(100) NOT NULL,
  PRIMARY KEY (`id`),
  UNIQUE KEY `django_content_type_app_label_45f3b1d93ec8c61c_uniq` (`app_label`,`model`)
) ENGINE=InnoDB AUTO_INCREMENT=37 DEFAULT CHARSET=latin1;
/*!40101 SET character_set_client = @saved_cs_client */;

--
-- Dumping data for table `django_content_type`
--

LOCK TABLES `django_content_type` WRITE;
/*!40000 ALTER TABLE `django_content_type` DISABLE KEYS */;
INSERT INTO `django_content_type` VALUES (1,'site','sites','site'),(2,'log entry','admin','logentry'),(3,'permission','auth','permission'),(4,'group','auth','group'),(5,'user','auth','user'),(6,'content type','contenttypes','contenttype'),(7,'session','sessions','session'),(8,'Educational Details','mentor','educationdetails'),(9,'Employment Details','mentor','employmentdetails'),(10,'User Profile','user','userprofile'),(11,'Social Profiles','user','socialprofiles'),(12,'Request','user','request'),(13,'Call Log','user','calllog'),(14,'Feedback','user','feedback'),(15,'verification codes','user','verificationcodes'),(16,'email address','account','emailaddress'),(17,'email confirmation','account','emailconfirmation'),(18,'social application','socialaccount','socialapp'),(19,'social account','socialaccount','socialaccount'),(20,'social application token','socialaccount','socialtoken'),(21,'user activity','mentor','useractivity'),(22,'timings','mentor','timings'),(23,'Credits','mentee','credits'),(24,'notification','user','notification'),(25,'ratings','mentor','ratings'),(26,'todo','user','todo'),(27,'task state','djcelery','taskmeta'),(28,'saved group result','djcelery','tasksetmeta'),(29,'interval','djcelery','intervalschedule'),(30,'crontab','djcelery','crontabschedule'),(31,'periodic tasks','djcelery','periodictasks'),(32,'periodic task','djcelery','periodictask'),(33,'worker','djcelery','workerstate'),(34,'task','djcelery','taskstate'),(35,'queue','kombu_transport_django','queue'),(36,'message','kombu_transport_django','message');
/*!40000 ALTER TABLE `django_content_type` ENABLE KEYS */;
UNLOCK TABLES;

--
-- Table structure for table `django_migrations`
--

DROP TABLE IF EXISTS `django_migrations`;
/*!40101 SET @saved_cs_client     = @@character_set_client */;
/*!40101 SET character_set_client = utf8 */;
CREATE TABLE `django_migrations` (
  `id` int(11) NOT NULL AUTO_INCREMENT,
  `app` varchar(255) NOT NULL,
  `name` varchar(255) NOT NULL,
  `applied` datetime NOT NULL,
  PRIMARY KEY (`id`)
) ENGINE=InnoDB AUTO_INCREMENT=21 DEFAULT CHARSET=latin1;
/*!40101 SET character_set_client = @saved_cs_client */;

--
-- Dumping data for table `django_migrations`
--

LOCK TABLES `django_migrations` WRITE;
/*!40000 ALTER TABLE `django_migrations` DISABLE KEYS */;
INSERT INTO `django_migrations` VALUES (1,'contenttypes','0001_initial','2015-05-10 03:48:10'),(2,'auth','0001_initial','2015-05-10 03:48:10'),(3,'account','0001_initial','2015-05-10 03:48:10'),(4,'admin','0001_initial','2015-05-10 03:48:11'),(5,'sessions','0001_initial','2015-05-10 03:48:11'),(6,'sites','0001_initial','2015-05-10 03:48:11'),(7,'socialaccount','0001_initial','2015-05-10 03:48:11'),(8,'user','0001_initial','2015-05-10 03:53:38'),(9,'mentor','0001_initial','2015-05-10 03:53:38'),(10,'socialaccount','0002_auto_20150510_0353','2015-05-10 03:53:38'),(11,'mentor','0002_auto_20150519_1637','2015-05-19 16:37:55'),(12,'user','0002_auto_20150519_1637','2015-05-19 16:37:55'),(13,'mentor','0003_useractivity','2015-05-22 10:55:26'),(14,'user','0003_auto_20150522_1055','2015-05-22 10:57:07'),(15,'mentee','0001_initial','2015-05-23 18:54:13'),(16,'mentor','0004_timings','2015-05-23 18:54:13'),(17,'user','0004_notification','2015-05-23 18:54:13'),(18,'mentor','0005_ratings','2015-05-26 21:05:01'),(19,'user','0005_auto_20150526_2103','2015-05-26 21:05:02'),(20,'mentor','0006_auto_20150530_0535','2015-05-30 05:35:51');
/*!40000 ALTER TABLE `django_migrations` ENABLE KEYS */;
UNLOCK TABLES;

--
-- Table structure for table `django_session`
--

DROP TABLE IF EXISTS `django_session`;
/*!40101 SET @saved_cs_client     = @@character_set_client */;
/*!40101 SET character_set_client = utf8 */;
CREATE TABLE `django_session` (
  `session_key` varchar(40) NOT NULL,
  `session_data` longtext NOT NULL,
  `expire_date` datetime NOT NULL,
  PRIMARY KEY (`session_key`),
  KEY `django_session_de54fa62` (`expire_date`)
) ENGINE=InnoDB DEFAULT CHARSET=latin1;
/*!40101 SET character_set_client = @saved_cs_client */;

--
-- Dumping data for table `django_session`
--

LOCK TABLES `django_session` WRITE;
/*!40000 ALTER TABLE `django_session` DISABLE KEYS */;
INSERT INTO `django_session` VALUES ('09nmao2lkhm7rx53vyp2kll21zcm874s','YjViMmEzMTdjMzUyYmZlZjFiMWM2ODQ0YzZiOTc1MzUwYWU1ODlhMzp7Il9hdXRoX3VzZXJfaGFzaCI6IjZmMjczN2Q1NzM0MDE4ODlkNmI5NzcwNDQ1NDJjZTgxZmVjNWY3ZDMiLCJfYXV0aF91c2VyX2JhY2tlbmQiOiJkamFuZ28uY29udHJpYi5hdXRoLmJhY2tlbmRzLk1vZGVsQmFja2VuZCIsIl9hdXRoX3VzZXJfaWQiOjQxfQ==','2015-06-30 08:44:55'),('0ragc4qb552h261iuk7udxc5103o8730','M2I2OTdkMTYyMjlhMmY4ZTM3NTFiNDVmZjliMTVjMDRkNzIyNTNmZjp7InNvY2lhbGFjY291bnRfc3RhdGUiOlt7InByb2Nlc3MiOiJsb2dpbiIsInNjb3BlIjoiIiwiYXV0aF9wYXJhbXMiOiIifSwieXVqaDNvRFBBbmcyIl19','2015-06-03 20:31:22'),('0rbzh5zqjo4uollhqmzxhwb2vqu3w2y9','Njk2YmQzNGJhYjdhMmVmMDlkOWQyMWJkNmFkNDBjNDA5YmIxZjQxZDp7Im9hdXRoX2FwaS5saW5rZWRpbi5jb21fcmVxdWVzdF90b2tlbiI6eyJvYXV0aF90b2tlbl9zZWNyZXQiOiI3NzM3Mzk4Ny1mODc4LTQ2ODQtOTUxOC0yZjFlM2QzZjc5ZjMiLCJvYXV0aF90b2tlbiI6Ijc3LS0zZmY5NTQ5Ny1jMjI2LTQxN2QtOTFlYy1jN2M3YmY3MzQ0NzkiLCJ4b2F1dGhfcmVxdWVzdF9hdXRoX3VybCI6Imh0dHBzOi8vYXBpLmxpbmtlZGluLmNvbS91YXMvb2F1dGgvYXV0aG9yaXplIiwib2F1dGhfZXhwaXJlc19pbiI6IjU5OSIsIm9hdXRoX2NhbGxiYWNrX2NvbmZpcm1lZCI6InRydWUifSwic29jaWFsYWNjb3VudF9zdGF0ZSI6W3sicHJvY2VzcyI6ImxvZ2luIiwic2NvcGUiOiIiLCJhdXRoX3BhcmFtcyI6IiJ9LCJXWU16b0ZIcjNxc1IiXX0=','2015-06-07 10:34:31'),('0re5b535fnbrjzd8hllwg9bkcgb6kn09','MTI3ZTNmNjc5NGI2NDUzNzY1NzM4YWY0NTkwYTJkMTAzMDExZTg1Mzp7InNvY2lhbGFjY291bnRfc3RhdGUiOlt7InByb2Nlc3MiOiJsb2dpbiIsInNjb3BlIjoiIiwiYXV0aF9wYXJhbXMiOiIifSwiUmZZc1dKaTlYRnptIl19','2015-06-13 05:10:22'),('0u5el9c6e0u6sthk4fncyu9ohl0m3trb','NTY5ZDc4Y2M4NjIyMjllYmM3Njc4ODgwNzBlZTdmMTFlMzljN2FkNTp7InNvY2lhbGFjY291bnRfc3RhdGUiOlt7InByb2Nlc3MiOiJsb2dpbiIsInNjb3BlIjoiIiwiYXV0aF9wYXJhbXMiOiIifSwiMXI0ekI3ekp1Q29JIl19','2015-07-01 10:24:02'),('0u7dz2lldcf31o9r5mcbp7jllg6k9bnw','Mzk3NDA5ZThkZTJjMTg2MjM5ZjkyNzkyOTViM2EyNGFkOTdjZDJkYTp7InNvY2lhbGFjY291bnRfc3RhdGUiOlt7InByb2Nlc3MiOiJsb2dpbiIsInNjb3BlIjoiIiwiYXV0aF9wYXJhbXMiOiIifSwiU2oxcnpMWlNVWWMwIl19','2015-07-11 08:51:30'),('0z21vvc14hsnmx0xf7mz9qrkb485oapi','MDc4MDFkMTk2OTNmNDhlODIwNTU5NDQ0MmJjMzE0MTlkNDk1NDBkYjp7InNvY2lhbGFjY291bnRfc3RhdGUiOlt7InByb2Nlc3MiOiJjb25uZWN0Iiwic2NvcGUiOiIiLCJhdXRoX3BhcmFtcyI6IiJ9LCI4VFRwbWszQmZkVUwiXX0=','2015-07-03 19:02:21'),('13ra9dw09sbge6px6pnh73mei6rj44ou','ZGRhYWRjZDI0NzY2ZjkxYjY3OTMxNDMyN2RhNTRiZjUyZGM4NzA1OTp7InNvY2lhbGFjY291bnRfc3RhdGUiOlt7InByb2Nlc3MiOiJjb25uZWN0Iiwic2NvcGUiOiIiLCJhdXRoX3BhcmFtcyI6IiJ9LCJ5eEhsaFR1MGxBcWwiXX0=','2015-07-13 18:28:21'),('16bv103r8rd7vegqwye0qu8m2z93x9g8','YWE3ZTk1NWQyN2NhNGFkYTdmMzlkY2FkMTVhMDIzMDM4MWVhNzY2Njp7Il9hdXRoX3VzZXJfaGFzaCI6ImJmMmYwY2IxYTRhOTZlMDQzZWMzZmM4OTc0ZDQ0N2Y0NDE5OWY5OTMiLCJfYXV0aF91c2VyX2JhY2tlbmQiOiJkamFuZ28uY29udHJpYi5hdXRoLmJhY2tlbmRzLk1vZGVsQmFja2VuZCIsIl9hdXRoX3VzZXJfaWQiOjM0fQ==','2015-07-20 17:44:11'),('19x5qrrdi6b0p2s0zv7xri6vvtpnbdt9','NTNjYTViOWNjYTYzODRkZmUwOWRhNTg2ZGI0OWE3NmMwOWU2ZTI2MTp7InNvY2lhbGFjY291bnRfc3RhdGUiOlt7InByb2Nlc3MiOiJsb2dpbiIsInNjb3BlIjoiIiwiYXV0aF9wYXJhbXMiOiIifSwicFViTk5DekVnNEhhIl19','2015-06-08 12:13:00'),('1e0baqvgoogm465iibwyy45k8r9pnn5q','ZWE3NDcxMDFkZmI1YmZlNzI3ZTM4OTY4MmJlZThiYzE0YjQ1YjZlNzp7Im9hdXRoX2FwaS5saW5rZWRpbi5jb21fcmVxdWVzdF90b2tlbiI6eyJvYXV0aF90b2tlbl9zZWNyZXQiOiIxNjE1ZWQ2Zi0zY2M5LTQ3NTQtOWJhMy02YjI3NWEyYmI3YzgiLCJvYXV0aF90b2tlbiI6Ijc3LS00YmQyZjVhYi1hZTViLTQ1ODAtODg2MS1kNjZhZjU4YTFiMGMiLCJ4b2F1dGhfcmVxdWVzdF9hdXRoX3VybCI6Imh0dHBzOi8vYXBpLmxpbmtlZGluLmNvbS91YXMvb2F1dGgvYXV0aG9yaXplIiwib2F1dGhfZXhwaXJlc19pbiI6IjU5OSIsIm9hdXRoX2NhbGxiYWNrX2NvbmZpcm1lZCI6InRydWUifSwic29jaWFsYWNjb3VudF9zdGF0ZSI6W3sicHJvY2VzcyI6ImNvbm5lY3QiLCJzY29wZSI6IiIsImF1dGhfcGFyYW1zIjoiIn0sIm5teWN3NUdHMlVGTyJdfQ==','2015-07-06 15:44:48'),('1mit08uenqm5gy4mdcx7azsp2tz4q6dd','NGFmYTk4MDIyNzY0ZTM4YTE1NjIxZmNiZDY4ZWNjMjRkZDEyZGQ5NDp7InNvY2lhbGFjY291bnRfc3RhdGUiOlt7InByb2Nlc3MiOiJsb2dpbiIsInNjb3BlIjoiIiwiYXV0aF9wYXJhbXMiOiIifSwiNjdPNGRnYms1dWhUIl19','2015-06-08 12:16:04'),('1nor0e7y1861u8oh3dbvub1zxu7wtoya','ZmUxOWZlYzljYTdjMGE1Njk5ZGVlMzMwNmJmZmJmODY1ZTU0MzQ5OTp7Il9hdXRoX3VzZXJfaGFzaCI6ImZjOGNkZjc1N2EyYzg3ZDJhZjVlYzlkYWE2NDAyNTMyOTMyYTA2YjAiLCJfYXV0aF91c2VyX2lkIjo2OCwiX2F1dGhfdXNlcl9iYWNrZW5kIjoiZGphbmdvLmNvbnRyaWIuYXV0aC5iYWNrZW5kcy5Nb2RlbEJhY2tlbmQifQ==','2015-07-27 13:09:23'),('1nwk5g0ceeqoemzclyb0teh2plkiwkj7','MDQ4YzBlMjkyYzI4ZGFjNzQ3ZjQ0NmZmOWVhZGUzMzA0MzFkYjE3Njp7InNvY2lhbGFjY291bnRfc3RhdGUiOlt7InByb2Nlc3MiOiJsb2dpbiIsInNjb3BlIjoiIiwiYXV0aF9wYXJhbXMiOiIifSwicmtNQUk3elRxaUlmIl19','2015-05-27 12:44:09'),('1vjhan11qlz2934s7j6xqa7ap6q1e4ns','ZmI3MzExMWVhYTZiN2FhZmE5MzQyNjE4MTEyM2EwZWUwNzY3M2ZjZTp7InNvY2lhbGFjY291bnRfc3RhdGUiOlt7InByb2Nlc3MiOiJjb25uZWN0Iiwic2NvcGUiOiIiLCJhdXRoX3BhcmFtcyI6IiJ9LCJZeUt5NUdPMGhXQzgiXX0=','2015-07-13 17:13:57'),('1ykbv88wer9lh8f13i90gloaxx64qbxy','YWE3ZTk1NWQyN2NhNGFkYTdmMzlkY2FkMTVhMDIzMDM4MWVhNzY2Njp7Il9hdXRoX3VzZXJfaGFzaCI6ImJmMmYwY2IxYTRhOTZlMDQzZWMzZmM4OTc0ZDQ0N2Y0NDE5OWY5OTMiLCJfYXV0aF91c2VyX2JhY2tlbmQiOiJkamFuZ28uY29udHJpYi5hdXRoLmJhY2tlbmRzLk1vZGVsQmFja2VuZCIsIl9hdXRoX3VzZXJfaWQiOjM0fQ==','2015-06-28 12:44:41'),('22l3ncyx22d3hrf0vxd6ld30bcwagloz','YmZlM2M1ZGMzMGI0NGM0MzI1YTRkMDFjMjE4ODVkYjcyNTlkM2EyMzp7InNvY2lhbGFjY291bnRfc3RhdGUiOlt7InByb2Nlc3MiOiJjb25uZWN0Iiwic2NvcGUiOiIiLCJhdXRoX3BhcmFtcyI6IiJ9LCIwQ2ZVTThwYXhMWUkiXX0=','2015-07-25 08:51:07'),('23enwggbnsuay1620hely3img741w48l','NjUwM2Q4Y2EyZmM4MjgzYjY0NGEyNGViYTlmOWY1MGVjODc0YzA3Mzp7Il9hdXRoX3VzZXJfaGFzaCI6ImZjOGNkZjc1N2EyYzg3ZDJhZjVlYzlkYWE2NDAyNTMyOTMyYTA2YjAiLCJfYXV0aF91c2VyX2JhY2tlbmQiOiJkamFuZ28uY29udHJpYi5hdXRoLmJhY2tlbmRzLk1vZGVsQmFja2VuZCIsIl9hdXRoX3VzZXJfaWQiOjQwfQ==','2015-06-23 19:06:09'),('248b3djh3rpb22iar7rewsxovod7tx1f','YWE3ZTk1NWQyN2NhNGFkYTdmMzlkY2FkMTVhMDIzMDM4MWVhNzY2Njp7Il9hdXRoX3VzZXJfaGFzaCI6ImJmMmYwY2IxYTRhOTZlMDQzZWMzZmM4OTc0ZDQ0N2Y0NDE5OWY5OTMiLCJfYXV0aF91c2VyX2JhY2tlbmQiOiJkamFuZ28uY29udHJpYi5hdXRoLmJhY2tlbmRzLk1vZGVsQmFja2VuZCIsIl9hdXRoX3VzZXJfaWQiOjM0fQ==','2015-07-01 16:44:24'),('26tegdr1hh5m3o1dm8s1d3cqgsbp4fuh','OGVjMzFiOTQ2YjA5NmVmZDZkMjMxNzQyNzIwMzVlZWZlOGRkMjg5ODp7InNvY2lhbGFjY291bnRfc3RhdGUiOlt7InByb2Nlc3MiOiJsb2dpbiIsInNjb3BlIjoiIiwiYXV0aF9wYXJhbXMiOiIifSwiZ085cTRDM2RTVHF1Il19','2015-07-02 02:10:06'),('29eb0rjx1872jnunob7cwce4zsqh4wkc','YjViMmEzMTdjMzUyYmZlZjFiMWM2ODQ0YzZiOTc1MzUwYWU1ODlhMzp7Il9hdXRoX3VzZXJfaGFzaCI6IjZmMjczN2Q1NzM0MDE4ODlkNmI5NzcwNDQ1NDJjZTgxZmVjNWY3ZDMiLCJfYXV0aF91c2VyX2JhY2tlbmQiOiJkamFuZ28uY29udHJpYi5hdXRoLmJhY2tlbmRzLk1vZGVsQmFja2VuZCIsIl9hdXRoX3VzZXJfaWQiOjQxfQ==','2015-06-30 17:50:44'),('2b3pgx5fdy2r6ovblpakwfqmlhh3nqxp','ZmZmMDkzMThlYTM4NmY0MGJiZDFlYTZkZGIwOTNkN2U5NDYxZTIyZTp7InNvY2lhbGFjY291bnRfc3RhdGUiOlt7InByb2Nlc3MiOiJjb25uZWN0Iiwic2NvcGUiOiIiLCJhdXRoX3BhcmFtcyI6IiJ9LCJUQ3VJNHRsaUJHNnkiXX0=','2015-07-25 08:51:06'),('2blf5jirc0og95w1qo3hbucv1z7r4heg','YjViMmEzMTdjMzUyYmZlZjFiMWM2ODQ0YzZiOTc1MzUwYWU1ODlhMzp7Il9hdXRoX3VzZXJfaGFzaCI6IjZmMjczN2Q1NzM0MDE4ODlkNmI5NzcwNDQ1NDJjZTgxZmVjNWY3ZDMiLCJfYXV0aF91c2VyX2JhY2tlbmQiOiJkamFuZ28uY29udHJpYi5hdXRoLmJhY2tlbmRzLk1vZGVsQmFja2VuZCIsIl9hdXRoX3VzZXJfaWQiOjQxfQ==','2015-07-06 12:22:29'),('2j1dx1muny3eywbnm58srvojqukrll3t','MThmYjMwNTBmZmNmYjM4ZGNhYTUwZTcyOWZiOGM0YjhmMGQ4MzMyNTp7InNvY2lhbGFjY291bnRfc3RhdGUiOlt7InByb2Nlc3MiOiJsb2dpbiIsInNjb3BlIjoiIiwiYXV0aF9wYXJhbXMiOiIifSwibjFwajNyalBNTEw3Il19','2015-07-25 08:51:04'),('35bov6h64vpdxplnyu5eb1khy1p8vqbm','YWRiMTJkZmEyNzQwZTQ0ODUzZGJhYzlkY2RlYzM5YjljYWRhY2JiYzp7Im9hdXRoX2FwaS5saW5rZWRpbi5jb21fcmVxdWVzdF90b2tlbiI6eyJvYXV0aF90b2tlbl9zZWNyZXQiOiJlYmRmNDJiMi1iYmVjLTRlOTUtODE2OC1jOGQyMmRiMzhiYjEiLCJvYXV0aF90b2tlbiI6Ijc3LS1lMjZhODI1MS0yZGQ1LTQ0MjMtYmY1YS1iNTRjM2MwMzQ4YWMiLCJ4b2F1dGhfcmVxdWVzdF9hdXRoX3VybCI6Imh0dHBzOi8vYXBpLmxpbmtlZGluLmNvbS91YXMvb2F1dGgvYXV0aG9yaXplIiwib2F1dGhfZXhwaXJlc19pbiI6IjU5OSIsIm9hdXRoX2NhbGxiYWNrX2NvbmZpcm1lZCI6InRydWUifSwic29jaWFsYWNjb3VudF9zdGF0ZSI6W3sicHJvY2VzcyI6ImxvZ2luIiwic2NvcGUiOiIiLCJhdXRoX3BhcmFtcyI6IiJ9LCJxclZBU1hWNDFqUGgiXX0=','2015-07-25 08:51:03'),('36n92sznj1cc8lnt2vwe9qhorn128fxg','MDliN2E1YjNiMzYwNjkxZTljMDIxZDQ4MWU4Y2VjOTI1Zjk5ODI1OTp7Il9hdXRoX3VzZXJfaGFzaCI6ImZjOGNkZjc1N2EyYzg3ZDJhZjVlYzlkYWE2NDAyNTMyOTMyYTA2YjAiLCJfYXV0aF91c2VyX2JhY2tlbmQiOiJkamFuZ28uY29udHJpYi5hdXRoLmJhY2tlbmRzLk1vZGVsQmFja2VuZCIsIl9hdXRoX3VzZXJfaWQiOjQ4fQ==','2015-07-06 07:53:38'),('36r0upe9qrc6orboyh033ywwsio2syxk','MjRhZjJkZDY3ODRiMDgxYWI2ZWE0NTBjNmY2NGVlOWI0N2FlNzFjNjp7Im9hdXRoX2FwaS5saW5rZWRpbi5jb21fcmVxdWVzdF90b2tlbiI6eyJvYXV0aF90b2tlbl9zZWNyZXQiOiIzNjkyNzliZS1iZTg0LTRhZmMtYWUzMi1iMjBhMWI5NDIzMjYiLCJvYXV0aF90b2tlbiI6Ijc3LS02NjQ5OTQ5My02M2E1LTQxZGUtOWY2Yi1mOWUxNzA2ZDNjMDQiLCJ4b2F1dGhfcmVxdWVzdF9hdXRoX3VybCI6Imh0dHBzOi8vYXBpLmxpbmtlZGluLmNvbS91YXMvb2F1dGgvYXV0aG9yaXplIiwib2F1dGhfZXhwaXJlc19pbiI6IjU5OSIsIm9hdXRoX2NhbGxiYWNrX2NvbmZpcm1lZCI6InRydWUifSwic29jaWFsYWNjb3VudF9zdGF0ZSI6W3sicHJvY2VzcyI6ImNvbm5lY3QiLCJzY29wZSI6IiIsImF1dGhfcGFyYW1zIjoiIn0sIk5mZ2lkQ0VDc1JJbyJdfQ==','2015-07-02 14:07:47'),('37cahaugqcv4zyjlrt46odxv0vie7jhh','YWE3ZTk1NWQyN2NhNGFkYTdmMzlkY2FkMTVhMDIzMDM4MWVhNzY2Njp7Il9hdXRoX3VzZXJfaGFzaCI6ImJmMmYwY2IxYTRhOTZlMDQzZWMzZmM4OTc0ZDQ0N2Y0NDE5OWY5OTMiLCJfYXV0aF91c2VyX2JhY2tlbmQiOiJkamFuZ28uY29udHJpYi5hdXRoLmJhY2tlbmRzLk1vZGVsQmFja2VuZCIsIl9hdXRoX3VzZXJfaWQiOjM0fQ==','2015-06-13 13:45:19'),('3bp2j7m0xsma6xx46fy9x3pa6vzupuj2','ODY4YjEyZjBjZmRkNjE1NDhkYmM1NjNmOTgxMzc5NjMwNGRjODEzMTp7Im9hdXRoX2FwaS5saW5rZWRpbi5jb21fcmVxdWVzdF90b2tlbiI6eyJvYXV0aF90b2tlbl9zZWNyZXQiOiIzOWE3YjRkMC1lNjE2LTQwYTMtYWFlOS00NDUyNmMzNDBhYTAiLCJvYXV0aF90b2tlbiI6Ijc3LS1mNzY0MWQ1Yy02YjFiLTQzM2QtYmRjYS0xZDI3YzA1ZmQwN2UiLCJ4b2F1dGhfcmVxdWVzdF9hdXRoX3VybCI6Imh0dHBzOi8vYXBpLmxpbmtlZGluLmNvbS91YXMvb2F1dGgvYXV0aG9yaXplIiwib2F1dGhfZXhwaXJlc19pbiI6IjU5OSIsIm9hdXRoX2NhbGxiYWNrX2NvbmZpcm1lZCI6InRydWUifSwic29jaWFsYWNjb3VudF9zdGF0ZSI6W3sicHJvY2VzcyI6ImNvbm5lY3QiLCJzY29wZSI6IiIsImF1dGhfcGFyYW1zIjoiIn0sIlNrTU1ScU1vWjZDWCJdfQ==','2015-07-25 08:51:05'),('3eirtel6mg2b5a1szzps0nbekg0cerri','NGFjZmU0ODdkZGE1MjUwODEyNzU5ZjA2Mzg0NzU2ZDFhZWMxNWEzYjp7Il9hdXRoX3VzZXJfaGFzaCI6IjViYmU1YzQ2MDJiY2RiNzc5NzA4Njk0ZDFhZGI0ZmU4YWIzMzgwMTYiLCJfYXV0aF91c2VyX2JhY2tlbmQiOiJkamFuZ28uY29udHJpYi5hdXRoLmJhY2tlbmRzLk1vZGVsQmFja2VuZCIsIl9hdXRoX3VzZXJfaWQiOjF9','2015-06-14 16:51:22'),('3f6qv64cy1pq16g06vs6lee9dj5d5lxv','NmFiMTM0YzY0NmEzNmZiYTlhY2Q2YzU3MjQ5NzMxMWJkOTkyM2Q0Nzp7Il9hdXRoX3VzZXJfaGFzaCI6ImJkNWUyZDcyZTM0MTJkMDg0ZDM3Y2Y3MWFlZjc0YzdhZmY2Nzk0ZWYiLCJfYXV0aF91c2VyX2JhY2tlbmQiOiJhbGxhdXRoLmFjY291bnQuYXV0aF9iYWNrZW5kcy5BdXRoZW50aWNhdGlvbkJhY2tlbmQiLCJfYXV0aF91c2VyX2lkIjoyMSwiYWNjb3VudF92ZXJpZmllZF9lbWFpbCI6bnVsbH0=','2015-06-06 15:05:09'),('3i9n38trkfzugssal98kd1cjdeyuos2g','NTllOWFjYzBmZjg5NzhkNzFjZTc2YjA1NTc5MWE4NDFhNmFhMTcxOTp7InNvY2lhbGFjY291bnRfc3RhdGUiOlt7InByb2Nlc3MiOiJjb25uZWN0Iiwic2NvcGUiOiIiLCJhdXRoX3BhcmFtcyI6IiJ9LCJLQUhuR3docFFGM3kiXX0=','2015-07-04 08:51:17'),('3jmthuablor36o18b5fxxyog00gg82fi','MWNkYzhlODdhOTU2MThiYTM1NWQwNDQ5NzkxOWVmN2Y3ODhhODA2Mzp7Il9hdXRoX3VzZXJfaGFzaCI6IjQ3NzBkNTJmOTk5YWIyZjExMTgzZGFlODZhYTNkYzVjZTVkNGM3NzciLCJfYXV0aF91c2VyX2JhY2tlbmQiOiJkamFuZ28uY29udHJpYi5hdXRoLmJhY2tlbmRzLk1vZGVsQmFja2VuZCIsIl9hdXRoX3VzZXJfaWQiOjMzfQ==','2015-06-14 16:54:28'),('4137ils2l96gt098rtdca7qmvzbaaubb','ZDc0ZTE5YjkzN2UyNjA5NjM3OTU4YmY2ZjcyOWM5ZTZjYWUwYTFkOTp7InNvY2lhbGFjY291bnRfc3RhdGUiOlt7InByb2Nlc3MiOiJsb2dpbiIsInNjb3BlIjoiIiwiYXV0aF9wYXJhbXMiOiIifSwiYm1zd1JaYnFvMGdrIl19','2015-06-11 20:57:25'),('4bc2y3vdu22t1kziz8fud9j3c3xwvl7b','YWE3ZTk1NWQyN2NhNGFkYTdmMzlkY2FkMTVhMDIzMDM4MWVhNzY2Njp7Il9hdXRoX3VzZXJfaGFzaCI6ImJmMmYwY2IxYTRhOTZlMDQzZWMzZmM4OTc0ZDQ0N2Y0NDE5OWY5OTMiLCJfYXV0aF91c2VyX2JhY2tlbmQiOiJkamFuZ28uY29udHJpYi5hdXRoLmJhY2tlbmRzLk1vZGVsQmFja2VuZCIsIl9hdXRoX3VzZXJfaWQiOjM0fQ==','2015-07-22 09:20:08'),('4drn34utugcf3kyk9rxsj3lnxd0o1iy7','NDI5MDhjNWE5YjE1ZTA0MDk2ZWMxMDVlMDFkZjJmYjYzMTIyZGU0Njp7InNvY2lhbGFjY291bnRfc3RhdGUiOlt7InByb2Nlc3MiOiJjb25uZWN0Iiwic2NvcGUiOiIiLCJhdXRoX3BhcmFtcyI6IiJ9LCJyYTlRQmIzdDBrN2ciXX0=','2015-07-13 09:58:39'),('4hs9cr5nh6oadbuevcsdv8y7airb1igq','Y2EwYTRhN2NlZDY4Mjg2YWZkY2M1MzY4NDVmZDA2ZWMwNzM2NTZlMDp7InNvY2lhbGFjY291bnRfc3RhdGUiOlt7InByb2Nlc3MiOiJjb25uZWN0Iiwic2NvcGUiOiIiLCJhdXRoX3BhcmFtcyI6IiJ9LCJrdXdRTmllVWtQUWYiXX0=','2015-07-04 20:44:48'),('4iijarw7sqc9pee4genaxwazd29hsrac','YWE3ZTk1NWQyN2NhNGFkYTdmMzlkY2FkMTVhMDIzMDM4MWVhNzY2Njp7Il9hdXRoX3VzZXJfaGFzaCI6ImJmMmYwY2IxYTRhOTZlMDQzZWMzZmM4OTc0ZDQ0N2Y0NDE5OWY5OTMiLCJfYXV0aF91c2VyX2JhY2tlbmQiOiJkamFuZ28uY29udHJpYi5hdXRoLmJhY2tlbmRzLk1vZGVsQmFja2VuZCIsIl9hdXRoX3VzZXJfaWQiOjM0fQ==','2015-07-13 02:48:55'),('4memmgi0mi1nencn9ur1rumn22wf0o7h','OGZlODU3Y2M2NjAxMmUzMmVhYzI0NmFlNmNlMGQ5OWUyMjZkODcwZjp7InNvY2lhbGFjY291bnRfc3RhdGUiOlt7InByb2Nlc3MiOiJjb25uZWN0Iiwic2NvcGUiOiIiLCJhdXRoX3BhcmFtcyI6IiJ9LCJsS21Hbnloc3ByUXYiXX0=','2015-07-02 02:41:54'),('4ubxfy8uznbrwdj9bp7hk2wu6k8tsppg','MzFhZTY2NTgxYjY4MTAyMjUwOGZmNzgwMDFhZjQ2MjA5NGM2OGM4ZDp7InNvY2lhbGFjY291bnRfc3RhdGUiOlt7InByb2Nlc3MiOiJsb2dpbiIsInNjb3BlIjoiIiwiYXV0aF9wYXJhbXMiOiIifSwiUnRuNFpFenUzRXd4Il19','2015-05-27 12:46:23'),('4z1egj65fy7wa2lyxrv0ei9nm9eopy8t','NWViMjhlODFjYTlkZDY4OTdhNGJkZmI3NWZhOGFkNGFiMDk0ZjBkZTp7fQ==','2015-07-08 08:36:30'),('5132fc5kyt2xgu3zbcdites27cnbvru7','MDQwZGExMDNmNmE4ZDMxZWU4M2I4ZDhhYTU4ZDE5YTcxZjY1ODUxMTp7Il9hdXRoX3VzZXJfaGFzaCI6IjQxZDQ3ZjM3NmNlNGRkYzFkYzJhOTQ4MGM1YzgxZjk3NjMyNmJjYWUiLCJfYXV0aF91c2VyX2lkIjoyMywiX2F1dGhfdXNlcl9iYWNrZW5kIjoiYWxsYXV0aC5hY2NvdW50LmF1dGhfYmFja2VuZHMuQXV0aGVudGljYXRpb25CYWNrZW5kIiwib2F1dGhfYXBpLmxpbmtlZGluLmNvbV9hY2Nlc3NfdG9rZW4iOnsib2F1dGhfdG9rZW5fc2VjcmV0IjoiZjRhOGYzNDAtOGQ3Zi00NGNjLThlOWQtNDZhNmIzNDYxZDM2Iiwib2F1dGhfYXV0aG9yaXphdGlvbl9leHBpcmVzX2luIjoiNTE4Mzk5OSIsIm9hdXRoX3Rva2VuIjoiMmExYTU5ZjktZjg1Yi00YzRlLTg5OTQtZTU4MGYwOWYyYTBiIiwib2F1dGhfZXhwaXJlc19pbiI6IjUxODM5OTkifSwib2F1dGhfYXBpLmxpbmtlZGluLmNvbV9yZXF1ZXN0X3Rva2VuIjp7Im9hdXRoX3Rva2VuX3NlY3JldCI6IjFmOTM0OGY5LTNhZDQtNGI3NS04OGI3LTIzOGJiMGJhMGM4MiIsIm9hdXRoX3Rva2VuIjoiNzctLTViYzE5ZDg5LWNmMGYtNDE2Ni05MmVjLTNmMWUxNjg0NTM4YiIsInhvYXV0aF9yZXF1ZXN0X2F1dGhfdXJsIjoiaHR0cHM6Ly9hcGkubGlua2VkaW4uY29tL3Vhcy9vYXV0aC9hdXRob3JpemUiLCJvYXV0aF9leHBpcmVzX2luIjoiNTk5Iiwib2F1dGhfY2FsbGJhY2tfY29uZmlybWVkIjoidHJ1ZSJ9fQ==','2015-06-08 04:06:55'),('5c1xxyzgg753w3xa3imdh48341abr323','YWRhODBmMzFkYTkyMGMyM2I0YzM5YzY1N2Q4MjMyOTYwMzMyMDU3Mzp7InNvY2lhbGFjY291bnRfc3RhdGUiOlt7InByb2Nlc3MiOiJsb2dpbiIsInNjb3BlIjoiIiwiYXV0aF9wYXJhbXMiOiIifSwiUlUwUWU0RldwTlFpIl19','2015-07-25 08:51:04'),('5ht9h9ey6kr1p7uqwtig6agvn8vma7ve','NWViMjhlODFjYTlkZDY4OTdhNGJkZmI3NWZhOGFkNGFiMDk0ZjBkZTp7fQ==','2015-05-24 09:48:14'),('5kk229if09zdtux5gay9rdmgggcignwz','ODdhNGM4NzAwNTJhOTQ3MDhiYTExMjZjNmIzMDVjMWRiZDBkOGQ1Yjp7InNvY2lhbGFjY291bnRfc3RhdGUiOlt7InByb2Nlc3MiOiJjb25uZWN0Iiwic2NvcGUiOiIiLCJhdXRoX3BhcmFtcyI6IiJ9LCJpYm1MSHVld25VM2siXX0=','2015-07-16 07:55:21'),('5q6yegug8zj4w4cmck6nvsi5gnh0liih','OTNhZTJmYmM3ZmYyMGY0N2FkN2MyNDY1MmFhYjVmMTI2ZGE2MmM4Njp7InNvY2lhbGFjY291bnRfc3RhdGUiOlt7InByb2Nlc3MiOiJsb2dpbiIsInNjb3BlIjoiIiwiYXV0aF9wYXJhbXMiOiIifSwiRElleWhyZmYxUUpHIl19','2015-07-13 15:28:50'),('5qtof4i0wzvkamst3cn0pjam0yabqx0h','MjQ1NDYzYWM2NjBkMDNiMGMwZjhmMjFlNTFhMzYwYzRiMGM5NGYxMDp7InNvY2lhbGFjY291bnRfc3RhdGUiOlt7InByb2Nlc3MiOiJsb2dpbiIsInNjb3BlIjoiIiwiYXV0aF9wYXJhbXMiOiIifSwiNHM0bzVkZWlrVDhDIl19','2015-07-02 02:41:54'),('5ru5fc95jj2uygl1p0ve6tpko5d7e7uj','YjBjZTA0MmU3YWRiNDk1MmM0MWQ0NWViYWE4YzgzZWFjNDk2YzYyMTp7InNvY2lhbGFjY291bnRfc3RhdGUiOlt7InByb2Nlc3MiOiJjb25uZWN0Iiwic2NvcGUiOiIiLCJhdXRoX3BhcmFtcyI6IiJ9LCJxek9MSGcxelFsTzMiXX0=','2015-07-07 13:51:49'),('614p33tzfh16141j9yhynruycxh61hcb','Mjg2NTUwMGM4MDNlN2JlNzg3NTQ3ZTNhNWRiNDZiMjM1NmM4ZGMzZTp7Im9hdXRoX2FwaS5saW5rZWRpbi5jb21fcmVxdWVzdF90b2tlbiI6eyJvYXV0aF90b2tlbl9zZWNyZXQiOiI3YTZiNGQyZi1kNDk0LTQ2N2QtODkwZS0zNjhiNzZiOWMzZDYiLCJvYXV0aF90b2tlbiI6Ijc3LS0yMWJiMTQ5NS0xNDJkLTRiOTEtODIzZi03YjA5MmNjODBjYWQiLCJ4b2F1dGhfcmVxdWVzdF9hdXRoX3VybCI6Imh0dHBzOi8vYXBpLmxpbmtlZGluLmNvbS91YXMvb2F1dGgvYXV0aG9yaXplIiwib2F1dGhfZXhwaXJlc19pbiI6IjU5OSIsIm9hdXRoX2NhbGxiYWNrX2NvbmZpcm1lZCI6InRydWUifSwic29jaWFsYWNjb3VudF9zdGF0ZSI6W3sicHJvY2VzcyI6ImxvZ2luIiwic2NvcGUiOiIiLCJhdXRoX3BhcmFtcyI6IiJ9LCJmUElxdlVGSFhWOVkiXX0=','2015-07-13 15:28:57'),('6ck3obfb2fnuiv3ohnyf8qgjv2y54nax','NjU3OGExNmYzM2FkNDJjYzU2OGFlNDg3YmQyNjliYTA2MTVjNGY1ZTp7InNvY2lhbGFjY291bnRfc3RhdGUiOlt7InByb2Nlc3MiOiJsb2dpbiIsInNjb3BlIjoiIiwiYXV0aF9wYXJhbXMiOiIifSwiM3BDNmVibTAwcUZ5Il19','2015-07-25 08:51:04'),('6m56bnd084ej3uu8ds75eoxx5zao2iwu','MDZhMTNlNTRiMGYzZmQ5MmM2YmIwYTg3YmFhNzZlNThlY2RhMTYzODp7Im9hdXRoX2FwaS5saW5rZWRpbi5jb21fcmVxdWVzdF90b2tlbiI6eyJvYXV0aF90b2tlbl9zZWNyZXQiOiI2N2ZkMTk4OS1jNWIyLTRkMDMtYWE3Yi00OTZkNWI3NTc4OTUiLCJvYXV0aF90b2tlbiI6Ijc3LS01MTdkNGM1NS00ZmZkLTRjMDEtOTVjNi0zZDliZWVlNDkzOTQiLCJ4b2F1dGhfcmVxdWVzdF9hdXRoX3VybCI6Imh0dHBzOi8vYXBpLmxpbmtlZGluLmNvbS91YXMvb2F1dGgvYXV0aG9yaXplIiwib2F1dGhfZXhwaXJlc19pbiI6IjU5OSIsIm9hdXRoX2NhbGxiYWNrX2NvbmZpcm1lZCI6InRydWUifSwic29jaWFsYWNjb3VudF9zdGF0ZSI6W3sicHJvY2VzcyI6ImNvbm5lY3QiLCJzY29wZSI6IiIsImF1dGhfcGFyYW1zIjoiIn0sImQ4RlFPQXMxUVZaRCJdfQ==','2015-07-16 07:43:25'),('6n7kpf59u0icn9u9af2bj5jouks19ycu','NGFjZmU0ODdkZGE1MjUwODEyNzU5ZjA2Mzg0NzU2ZDFhZWMxNWEzYjp7Il9hdXRoX3VzZXJfaGFzaCI6IjViYmU1YzQ2MDJiY2RiNzc5NzA4Njk0ZDFhZGI0ZmU4YWIzMzgwMTYiLCJfYXV0aF91c2VyX2JhY2tlbmQiOiJkamFuZ28uY29udHJpYi5hdXRoLmJhY2tlbmRzLk1vZGVsQmFja2VuZCIsIl9hdXRoX3VzZXJfaWQiOjF9','2015-07-07 09:06:29'),('6oq76wnqtgxgamz37p1h4ee7nnbqpep2','Mzc4M2JiMDJhYjQ4YTUyYjA4ZWFjNTZmYTkyOWFhZWIzNGNmOGZiODp7Im9hdXRoX2FwaS5saW5rZWRpbi5jb21fcmVxdWVzdF90b2tlbiI6eyJvYXV0aF90b2tlbl9zZWNyZXQiOiIwZWFiMWFmNC01MjM5LTRjYTAtYmU3MS1jNGI4NjIyOTNhYWEiLCJvYXV0aF90b2tlbiI6Ijc3LS03ZmUwOWRiYy0wYjUxLTQyNDItYjIxOC1iZTEwYjFlMTIyOTkiLCJ4b2F1dGhfcmVxdWVzdF9hdXRoX3VybCI6Imh0dHBzOi8vYXBpLmxpbmtlZGluLmNvbS91YXMvb2F1dGgvYXV0aG9yaXplIiwib2F1dGhfZXhwaXJlc19pbiI6IjU5OSIsIm9hdXRoX2NhbGxiYWNrX2NvbmZpcm1lZCI6InRydWUifSwic29jaWFsYWNjb3VudF9zdGF0ZSI6W3sicHJvY2VzcyI6ImNvbm5lY3QiLCJzY29wZSI6IiIsImF1dGhfcGFyYW1zIjoiIn0sInMxYUJOZlRzUGh3OCJdfQ==','2015-07-09 18:01:15'),('745w9pli8ll1i4lg1gxyztoi99sse7l5','MmI3ODNjZjM4MzViYjI0NDc0MTZlMDdkZjI5ODhkODM4MDcwYTc3Mjp7InNvY2lhbGFjY291bnRfc3RhdGUiOlt7InByb2Nlc3MiOiJsb2dpbiIsInNjb3BlIjoiIiwiYXV0aF9wYXJhbXMiOiIifSwiaElPNkdjRVQ0ZjBQIl19','2015-06-15 14:20:56'),('75484xbjgxs46liv7eejfpvhrd57zkiq','YWE3ZTk1NWQyN2NhNGFkYTdmMzlkY2FkMTVhMDIzMDM4MWVhNzY2Njp7Il9hdXRoX3VzZXJfaGFzaCI6ImJmMmYwY2IxYTRhOTZlMDQzZWMzZmM4OTc0ZDQ0N2Y0NDE5OWY5OTMiLCJfYXV0aF91c2VyX2JhY2tlbmQiOiJkamFuZ28uY29udHJpYi5hdXRoLmJhY2tlbmRzLk1vZGVsQmFja2VuZCIsIl9hdXRoX3VzZXJfaWQiOjM0fQ==','2015-07-06 11:46:59'),('78zgcavpgjxj1u9mtudlfwkk1n5zjy6v','YWE3ZTk1NWQyN2NhNGFkYTdmMzlkY2FkMTVhMDIzMDM4MWVhNzY2Njp7Il9hdXRoX3VzZXJfaGFzaCI6ImJmMmYwY2IxYTRhOTZlMDQzZWMzZmM4OTc0ZDQ0N2Y0NDE5OWY5OTMiLCJfYXV0aF91c2VyX2JhY2tlbmQiOiJkamFuZ28uY29udHJpYi5hdXRoLmJhY2tlbmRzLk1vZGVsQmFja2VuZCIsIl9hdXRoX3VzZXJfaWQiOjM0fQ==','2015-06-15 09:41:59'),('7elzg01pjpveuynhml70edjg6gpnb0en','ZGE5NTdkMmU2ZDA5YmIyMjViNDAzNWRlYTQ4ODc1Y2VkZWE2NTIzYjp7InNvY2lhbGFjY291bnRfc3RhdGUiOlt7InByb2Nlc3MiOiJsb2dpbiIsInNjb3BlIjoiIiwiYXV0aF9wYXJhbXMiOiIifSwiQU9rZWpjaDNuSEJNIl19','2015-06-05 10:52:10'),('7mp4ev19wxnll6d26a8qtxlwm43bxheq','OTg1Nzc1MzEyYmJiMmU0ZTQ3NTkwM2Y4NmZlZTQ3MTRmY2IxMDllNDp7Im9hdXRoX2FwaS5saW5rZWRpbi5jb21fcmVxdWVzdF90b2tlbiI6eyJvYXV0aF90b2tlbl9zZWNyZXQiOiI4ZGIwM2E2Mi1kNzA5LTRjYTEtYmZiNC04NThhNDNjY2M0NGEiLCJvYXV0aF90b2tlbiI6Ijc3LS1hYWFiNTBkOC0wNTg3LTQ1YzYtYTQ1OC0yNjNhY2RhNzU1YTgiLCJ4b2F1dGhfcmVxdWVzdF9hdXRoX3VybCI6Imh0dHBzOi8vYXBpLmxpbmtlZGluLmNvbS91YXMvb2F1dGgvYXV0aG9yaXplIiwib2F1dGhfZXhwaXJlc19pbiI6IjU5OSIsIm9hdXRoX2NhbGxiYWNrX2NvbmZpcm1lZCI6InRydWUifSwic29jaWFsYWNjb3VudF9zdGF0ZSI6W3sicHJvY2VzcyI6ImNvbm5lY3QiLCJzY29wZSI6IiIsImF1dGhfcGFyYW1zIjoiIn0sImc4clJCUlMyMVBFOCJdfQ==','2015-07-12 07:12:00'),('7qtgmlhx7we0b65csqczrepounqmufad','YWE3ZTk1NWQyN2NhNGFkYTdmMzlkY2FkMTVhMDIzMDM4MWVhNzY2Njp7Il9hdXRoX3VzZXJfaGFzaCI6ImJmMmYwY2IxYTRhOTZlMDQzZWMzZmM4OTc0ZDQ0N2Y0NDE5OWY5OTMiLCJfYXV0aF91c2VyX2JhY2tlbmQiOiJkamFuZ28uY29udHJpYi5hdXRoLmJhY2tlbmRzLk1vZGVsQmFja2VuZCIsIl9hdXRoX3VzZXJfaWQiOjM0fQ==','2015-06-30 08:46:31'),('7wjmu5qhqed4b9eco0j6yd2f39s9ygqw','NjZhOTBlNDJkMDUzNWE5MmJjZjdhNzM4NDNjZjgyMmIwMDM5YWE5MDp7InNvY2lhbGFjY291bnRfc3RhdGUiOlt7InByb2Nlc3MiOiJsb2dpbiIsInNjb3BlIjoiIiwiYXV0aF9wYXJhbXMiOiIifSwiTDNwZUJnZ21BM3k0Il19','2015-07-03 07:32:15'),('7x4dirp6kmd27acfpjhq9h7ojq0z0bow','YjNkNmJjMDczYjJiNzlhZWMwNmMyOGU4MGUxYjI4Nzk4ZjMzMGZlMDp7InNvY2lhbGFjY291bnRfc3RhdGUiOlt7InByb2Nlc3MiOiJsb2dpbiIsInNjb3BlIjoiIiwiYXV0aF9wYXJhbXMiOiIifSwiaFRvSW8zVmhxaGY5Il19','2015-06-02 20:59:46'),('7xkxeiiag66cmrp260paz5t5acrzkk8u','MGE3MDc3Yjk5MzY1NzBhNTQ0ZGE3NzkwODVlMGQxYWVlNTIwNjUzNzp7InNvY2lhbGFjY291bnRfc3RhdGUiOlt7InByb2Nlc3MiOiJsb2dpbiIsInNjb3BlIjoiIiwiYXV0aF9wYXJhbXMiOiIifSwiOUNQMW1ES21CYmlrIl19','2015-07-21 16:05:16'),('831qibin8p9botjzi919d8tik3swjx7u','OTNjNDQxODI2OGFmMTI2ZjRkZDAwNmExZjFhZTc2MWIwOTVmOTkxNjp7InNvY2lhbGFjY291bnRfc3RhdGUiOlt7InByb2Nlc3MiOiJsb2dpbiIsInNjb3BlIjoiIiwiYXV0aF9wYXJhbXMiOiIifSwibng5S1pMemd4WVBaIl19','2015-06-06 14:49:00'),('85xjvdvlhblr22gawldz1zo7p5g3x3t9','NGZiYmRlZmNlZTg1N2RjOWEyNDE3NDhhMGU3ZjJiNjYzNmQ3OTcxYjp7InNvY2lhbGFjY291bnRfc3RhdGUiOlt7InByb2Nlc3MiOiJsb2dpbiIsInNjb3BlIjoiIiwiYXV0aF9wYXJhbXMiOiIifSwiTzJZVjhqU1QwYUYwIl19','2015-07-21 13:48:17'),('8ftfm0qk64o44wh4b2iz9yxo66qyk5q7','ZmJhZjY3YzFiYzc5N2E2MDE0ZWIyZmRmMTk5ZjEwZTEwMDU3NjY3Yzp7InNvY2lhbGFjY291bnRfc3RhdGUiOlt7InByb2Nlc3MiOiJsb2dpbiIsInNjb3BlIjoiIiwiYXV0aF9wYXJhbXMiOiIifSwiVUxZV1huY2ttTXQ5Il19','2015-06-10 23:07:04'),('8h1ox00rb9htps150ozk1s776mph5wrx','NWNlYWI1MjMzODZkMjdkYjdhNjhiZDAyMTI4MTFkMzUwNWEzMmNkMDp7InNvY2lhbGFjY291bnRfc3RhdGUiOlt7InByb2Nlc3MiOiJjb25uZWN0Iiwic2NvcGUiOiIiLCJhdXRoX3BhcmFtcyI6IiJ9LCJzQ21wUVRvaWxQU2UiXX0=','2015-07-25 08:51:06'),('8h9haby7o8b6mesgv5mueriaf41j9gxv','YmI1NjNmMWJlZjNkNWEzNzk4MjIxMTZhMDE5M2YyNTVlNGNlNjFlNjp7InNvY2lhbGFjY291bnRfc3RhdGUiOlt7InByb2Nlc3MiOiJjb25uZWN0Iiwic2NvcGUiOiIiLCJhdXRoX3BhcmFtcyI6IiJ9LCJIT1d6UWlLNW5MTlciXX0=','2015-07-03 19:02:21'),('8jjqh6mray9tqtkvsjhp79kvbsmk1f9y','MWE5MzFkNzJiYzRiODlhNDA4NzljYjdkYjAzNjYzZGViYjdkMDEyZTp7InNvY2lhbGFjY291bnRfc3RhdGUiOlt7InByb2Nlc3MiOiJjb25uZWN0Iiwic2NvcGUiOiIiLCJhdXRoX3BhcmFtcyI6IiJ9LCJKcDBTSGV4Q0prRjUiXX0=','2015-07-03 07:32:14'),('8ummw7izdjsa0l55gjbcp1j0jxm1xans','MjM2ZmVlMWVkOTJkMjM4NzZhY2EzYWRlNTRiOTJhMjU0MzMyNTdlZDp7InNvY2lhbGFjY291bnRfc3RhdGUiOlt7InByb2Nlc3MiOiJsb2dpbiIsInNjb3BlIjoiIiwiYXV0aF9wYXJhbXMiOiIifSwia3lzc244NjVWemJCIl19','2015-07-03 23:50:49'),('8wnhyon8zy1w1097cy5o8v6l2lvsuftd','OWFmMmY2YzEyYjQwOTEyMjE4MTIyYTNmOGI4ZTlmNGVjOWQzMGFhYTp7Il9hdXRoX3VzZXJfaGFzaCI6IjA0YTNiMmI0ZDU0NTljNTE3ZDRiMWY2OTU3NTZkNDYyZWE4ZmQwMTUiLCJfYXV0aF91c2VyX2JhY2tlbmQiOiJhbGxhdXRoLmFjY291bnQuYXV0aF9iYWNrZW5kcy5BdXRoZW50aWNhdGlvbkJhY2tlbmQiLCJfYXV0aF91c2VyX2lkIjoyNX0=','2015-06-09 14:25:25'),('8x33non585b9eozf2efyi5f4638jj0mo','YmY0NjU5MWExZjBhODBjZTVmMjQ0MzYwMTM1Y2VlMjg5YTViNTdhZjp7Im9hdXRoX2FwaS5saW5rZWRpbi5jb21fcmVxdWVzdF90b2tlbiI6eyJvYXV0aF90b2tlbl9zZWNyZXQiOiI5YjNkZDg5My03MmY3LTRkMGYtYTJmMy03MmZiZjExZmE5NjciLCJvYXV0aF90b2tlbiI6Ijc3LS1mOWQ1YTcxMi03ZjlhLTQ4OTAtOWM1Zi1iYzEyMTgzOTZlYzUiLCJ4b2F1dGhfcmVxdWVzdF9hdXRoX3VybCI6Imh0dHBzOi8vYXBpLmxpbmtlZGluLmNvbS91YXMvb2F1dGgvYXV0aG9yaXplIiwib2F1dGhfZXhwaXJlc19pbiI6IjU5OSIsIm9hdXRoX2NhbGxiYWNrX2NvbmZpcm1lZCI6InRydWUifSwic29jaWFsYWNjb3VudF9zdGF0ZSI6W3sicHJvY2VzcyI6ImxvZ2luIiwic2NvcGUiOiIiLCJhdXRoX3BhcmFtcyI6IiJ9LCJ1QUZ6M0F6THlVTEEiXX0=','2015-07-03 23:50:16'),('91gc7brmdrt3jkqv2advztetz892ec4i','NDgxN2MxZmVmOTI4ZWRlNGY2NTBkMWNiMWUyY2U2ZTZhMzJiZDk2Mzp7InNvY2lhbGFjY291bnRfc3RhdGUiOlt7InByb2Nlc3MiOiJsb2dpbiIsInNjb3BlIjoiIiwiYXV0aF9wYXJhbXMiOiIifSwiR3lJM2o4MjRRQzdiIl19','2015-06-02 20:55:54'),('968mozk2g34rozwb1pjh57awc24vqdmn','NTkxM2RmMDlmNTFkMGRkYzJkYWI2MzEyOTg0ZDI1ZDkzOGU3MmU2Yzp7Im9hdXRoX2FwaS5saW5rZWRpbi5jb21fcmVxdWVzdF90b2tlbiI6eyJvYXV0aF90b2tlbl9zZWNyZXQiOiJjNThlMThiYy04ODNlLTQ5YjMtYWMxZi00MjZkNjliMmYzNzUiLCJvYXV0aF90b2tlbiI6Ijc3LS0wYzU0ODc4NS0wNWZiLTQyZTAtOWMxNS00Y2VlYmQ2Y2RhNDgiLCJ4b2F1dGhfcmVxdWVzdF9hdXRoX3VybCI6Imh0dHBzOi8vYXBpLmxpbmtlZGluLmNvbS91YXMvb2F1dGgvYXV0aG9yaXplIiwib2F1dGhfZXhwaXJlc19pbiI6IjU5OSIsIm9hdXRoX2NhbGxiYWNrX2NvbmZpcm1lZCI6InRydWUifSwic29jaWFsYWNjb3VudF9zdGF0ZSI6W3sicHJvY2VzcyI6ImNvbm5lY3QiLCJzY29wZSI6IiIsImF1dGhfcGFyYW1zIjoiIn0sIndEUmxmamJrNENOeCJdfQ==','2015-07-13 11:06:48'),('96ke1khj3lxwu220spmf8y94ijr5oazo','MWNkYzhlODdhOTU2MThiYTM1NWQwNDQ5NzkxOWVmN2Y3ODhhODA2Mzp7Il9hdXRoX3VzZXJfaGFzaCI6IjQ3NzBkNTJmOTk5YWIyZjExMTgzZGFlODZhYTNkYzVjZTVkNGM3NzciLCJfYXV0aF91c2VyX2JhY2tlbmQiOiJkamFuZ28uY29udHJpYi5hdXRoLmJhY2tlbmRzLk1vZGVsQmFja2VuZCIsIl9hdXRoX3VzZXJfaWQiOjMzfQ==','2015-06-13 13:32:21'),('98x4mtf7huth626hkejhmvc9xb4jnz1i','OTg5NjAyMjZjMzg0ZDkzOWY3OTAyNDYxYTBmODcxYTM5N2UxN2JhNTp7InNvY2lhbGFjY291bnRfc3RhdGUiOlt7InByb2Nlc3MiOiJsb2dpbiIsInNjb3BlIjoiIiwiYXV0aF9wYXJhbXMiOiIifSwiVDRaSmdJcDlldEdUIl19','2015-07-23 20:57:31'),('9afn2gg2u33gpv3iyg1ewr246g2y9bw4','ZDIyMDhhYjQxOTg3YzgzODJhZmZhMjhiNTQ1ZDgwYmFlYTk4Y2QxYjp7InNvY2lhbGFjY291bnRfc3RhdGUiOlt7InByb2Nlc3MiOiJsb2dpbiIsInNjb3BlIjoiIiwiYXV0aF9wYXJhbXMiOiIifSwiSHlmNndtZWxrMTc0Il19','2015-06-12 20:29:25'),('9i1he15nton5hpkqp3wvfpnjwfhu0jka','NWViMjhlODFjYTlkZDY4OTdhNGJkZmI3NWZhOGFkNGFiMDk0ZjBkZTp7fQ==','2015-07-06 11:21:13'),('9k8gffozkuos7qt6dlg394ss9sme9tuj','YzQyNmM5OTFiMDAzZWEzZDhmYTJiY2NiMTUxMjlmYjM4OWEyNDdmNTp7InNvY2lhbGFjY291bnRfc3RhdGUiOlt7InByb2Nlc3MiOiJjb25uZWN0Iiwic2NvcGUiOiIiLCJhdXRoX3BhcmFtcyI6IiJ9LCI4SzhNVU4yb1NGQU0iXX0=','2015-07-03 23:48:52'),('9nibfqriyk3uuju1i8ewhq8sysxytnl9','OTI4Y2ZkMGQ3OTQxZTY5ZDlmY2RmZjU0ODIwNGNiNDhhMTE1YWMyMDp7Im9hdXRoX2FwaS5saW5rZWRpbi5jb21fcmVxdWVzdF90b2tlbiI6eyJvYXV0aF90b2tlbl9zZWNyZXQiOiJiM2JkYWRkNS01YWFiLTQwMjktOTg2NS0yYjk2MTljNTBhYWUiLCJvYXV0aF90b2tlbiI6Ijc3LS04MDg3OTkyMy1iNDBjLTQyMWQtYmM2Ni04NWZkZDZjNzVlM2QiLCJ4b2F1dGhfcmVxdWVzdF9hdXRoX3VybCI6Imh0dHBzOi8vYXBpLmxpbmtlZGluLmNvbS91YXMvb2F1dGgvYXV0aG9yaXplIiwib2F1dGhfZXhwaXJlc19pbiI6IjU5OSIsIm9hdXRoX2NhbGxiYWNrX2NvbmZpcm1lZCI6InRydWUifSwic29jaWFsYWNjb3VudF9zdGF0ZSI6W3sicHJvY2VzcyI6ImxvZ2luIiwic2NvcGUiOiIiLCJhdXRoX3BhcmFtcyI6IiJ9LCJhNEtQeDVvRmZ1YkUiXX0=','2015-06-24 21:17:08'),('9rswnbrt29qwefd0ni0oe4ynm7a7fvr3','YWE3ZTk1NWQyN2NhNGFkYTdmMzlkY2FkMTVhMDIzMDM4MWVhNzY2Njp7Il9hdXRoX3VzZXJfaGFzaCI6ImJmMmYwY2IxYTRhOTZlMDQzZWMzZmM4OTc0ZDQ0N2Y0NDE5OWY5OTMiLCJfYXV0aF91c2VyX2JhY2tlbmQiOiJkamFuZ28uY29udHJpYi5hdXRoLmJhY2tlbmRzLk1vZGVsQmFja2VuZCIsIl9hdXRoX3VzZXJfaWQiOjM0fQ==','2015-06-29 07:06:17'),('9t33lsj4n0q6avso3kxwmzu7k6spzkfr','ODI0OGY0ZTViMDA5ZDEyZTcwNzcyMGM1NGFiYzkyYTUxMWNjYzliNTp7Il9hdXRoX3VzZXJfaGFzaCI6ImZjOGNkZjc1N2EyYzg3ZDJhZjVlYzlkYWE2NDAyNTMyOTMyYTA2YjAiLCJfYXV0aF91c2VyX2JhY2tlbmQiOiJkamFuZ28uY29udHJpYi5hdXRoLmJhY2tlbmRzLk1vZGVsQmFja2VuZCIsIl9hdXRoX3VzZXJfaWQiOjcyfQ==','2015-07-27 22:18:56'),('9tzm5uy0ck8iv3gxjrqjhqckxhmp7zd5','NGFjZmU0ODdkZGE1MjUwODEyNzU5ZjA2Mzg0NzU2ZDFhZWMxNWEzYjp7Il9hdXRoX3VzZXJfaGFzaCI6IjViYmU1YzQ2MDJiY2RiNzc5NzA4Njk0ZDFhZGI0ZmU4YWIzMzgwMTYiLCJfYXV0aF91c2VyX2JhY2tlbmQiOiJkamFuZ28uY29udHJpYi5hdXRoLmJhY2tlbmRzLk1vZGVsQmFja2VuZCIsIl9hdXRoX3VzZXJfaWQiOjF9','2015-06-14 16:57:40'),('9zky3me47vi3sy7zmxqfbylvhcz2fj2s','ZTVhOTMwYmQ1MjU5Y2EwZDYzOWQ0MDBkZGMyNGQ1MWE0MzIwZjk5Mzp7Im9hdXRoX2FwaS5saW5rZWRpbi5jb21fcmVxdWVzdF90b2tlbiI6eyJvYXV0aF90b2tlbl9zZWNyZXQiOiI2NWMwZTUzNC02YTM4LTRhYTUtOWJlMS1kYzc1ZDMyZTJlOTIiLCJvYXV0aF90b2tlbiI6Ijc3LS04N2EyM2M4OC1mNTJjLTRkMWQtOTRjMy1jN2U4NWZiZmYzNjciLCJ4b2F1dGhfcmVxdWVzdF9hdXRoX3VybCI6Imh0dHBzOi8vYXBpLmxpbmtlZGluLmNvbS91YXMvb2F1dGgvYXV0aG9yaXplIiwib2F1dGhfZXhwaXJlc19pbiI6IjU5OSIsIm9hdXRoX2NhbGxiYWNrX2NvbmZpcm1lZCI6InRydWUifSwic29jaWFsYWNjb3VudF9zdGF0ZSI6W3sicHJvY2VzcyI6ImxvZ2luIiwic2NvcGUiOiIiLCJhdXRoX3BhcmFtcyI6IiJ9LCI2dkpITW9mV0xYODMiXX0=','2015-07-07 10:02:47'),('a06b957vxl7s89tiqjcko4jl8s1yh4se','NTYzNzMzNjI1NGZlMDYyMTY4MzVhYTI5MTMxOWI4ZmUwNWMyMGYxNjp7Il9hdXRoX3VzZXJfaGFzaCI6ImZjOGNkZjc1N2EyYzg3ZDJhZjVlYzlkYWE2NDAyNTMyOTMyYTA2YjAiLCJfYXV0aF91c2VyX2JhY2tlbmQiOiJkamFuZ28uY29udHJpYi5hdXRoLmJhY2tlbmRzLk1vZGVsQmFja2VuZCIsIl9hdXRoX3VzZXJfaWQiOjYyfQ==','2015-07-26 08:45:38'),('a4vbj29ruzvy6b4sr6972t3uddyqiucs','MzZkYjAyNTE1NWZkY2Q3ODhjYWYxNDVjY2FmMTg5YTliM2Q1NGE1MTp7Il9hdXRoX3VzZXJfaGFzaCI6ImRlN2VmNGVlZTFhZmJiMTZmODE3MzEzMzFhNmMzZGRjMjFlODk4OGIiLCJfYXV0aF91c2VyX2JhY2tlbmQiOiJhbGxhdXRoLmFjY291bnQuYXV0aF9iYWNrZW5kcy5BdXRoZW50aWNhdGlvbkJhY2tlbmQiLCJfYXV0aF91c2VyX2lkIjo0Nn0=','2015-07-07 18:16:45'),('a9icm3xbl6hmq6wob8o50agzu23bbzz4','NDMzN2U3NTExZmQxODA2MmVhZmFiMmY1NjA3ZDFhZmUyOTQ0MDJhNzp7InNvY2lhbGFjY291bnRfc3RhdGUiOlt7InByb2Nlc3MiOiJjb25uZWN0Iiwic2NvcGUiOiIiLCJhdXRoX3BhcmFtcyI6IiJ9LCJIUEM0WkN5SjdPMnciXX0=','2015-07-03 23:49:47'),('a9ttjifw7iptjgf5mvjh4f6dx6ao9qy0','ZjJmMDE2NmRjOWE3Y2Q5NzhjN2NmZWUzOTA2N2Y4Yjg0NjdiODAwYTp7Im9hdXRoX2FwaS5saW5rZWRpbi5jb21fcmVxdWVzdF90b2tlbiI6eyJvYXV0aF90b2tlbl9zZWNyZXQiOiI2NGI5ZDBhOC00MTNkLTQzZDEtYjk2NS1hYjE2MjFlYzRmNjIiLCJvYXV0aF90b2tlbiI6Ijc3LS0yYjU4YzY5NS00M2E1LTQ4YmMtYTcxZC1hZDNhNTYwODk5YWMiLCJ4b2F1dGhfcmVxdWVzdF9hdXRoX3VybCI6Imh0dHBzOi8vYXBpLmxpbmtlZGluLmNvbS91YXMvb2F1dGgvYXV0aG9yaXplIiwib2F1dGhfZXhwaXJlc19pbiI6IjU5OSIsIm9hdXRoX2NhbGxiYWNrX2NvbmZpcm1lZCI6InRydWUifSwic29jaWFsYWNjb3VudF9zdGF0ZSI6W3sicHJvY2VzcyI6ImxvZ2luIiwic2NvcGUiOiIiLCJhdXRoX3BhcmFtcyI6IiJ9LCJHbjk2bnZMd0l3UVAiXX0=','2015-07-25 08:51:03'),('agov5sawnw2a1ieicx9ueodggkhtijyu','NWViMjhlODFjYTlkZDY4OTdhNGJkZmI3NWZhOGFkNGFiMDk0ZjBkZTp7fQ==','2015-07-01 16:12:48'),('aiqdd6rq5r269e6b4gi20kw1ca2qw8yn','YTUzZjE4MTg2OWVlY2FjMjIwYTgzNzZmZjZiMWU2YTc1YzE1ODZmMzp7InNvY2lhbGFjY291bnRfc3RhdGUiOlt7InByb2Nlc3MiOiJsb2dpbiIsInNjb3BlIjoiIiwiYXV0aF9wYXJhbXMiOiIifSwieFZneEU4QWhyRFpQIl19','2015-05-27 12:47:16'),('akbrz18e9yd2jf15nt2s1faszcevoizw','YjViMmEzMTdjMzUyYmZlZjFiMWM2ODQ0YzZiOTc1MzUwYWU1ODlhMzp7Il9hdXRoX3VzZXJfaGFzaCI6IjZmMjczN2Q1NzM0MDE4ODlkNmI5NzcwNDQ1NDJjZTgxZmVjNWY3ZDMiLCJfYXV0aF91c2VyX2JhY2tlbmQiOiJkamFuZ28uY29udHJpYi5hdXRoLmJhY2tlbmRzLk1vZGVsQmFja2VuZCIsIl9hdXRoX3VzZXJfaWQiOjQxfQ==','2015-07-01 16:10:27'),('al2ymavnf9d257a09agw1hupzkn8gn24','ZTcxMjg3ZTk5MTYyZjk2MGY1OWViMjc4MWYyZWY4NzdiNWI0YzRhYzp7InNvY2lhbGFjY291bnRfc3RhdGUiOlt7InByb2Nlc3MiOiJsb2dpbiIsInNjb3BlIjoiIiwiYXV0aF9wYXJhbXMiOiIifSwiV3hJdm9JV0RVdEtMIl19','2015-07-04 20:45:09'),('anttr19aipe2zlgfzgjfkni0w8rti0we','OGFkNDhlZDQxZTUyZjE4OWYyMjhiYWIyZGRjM2ZiZTExYjM3MzkyMjp7InNvY2lhbGFjY291bnRfc3RhdGUiOlt7InByb2Nlc3MiOiJjb25uZWN0Iiwic2NvcGUiOiIiLCJhdXRoX3BhcmFtcyI6IiJ9LCIxTWozSFJnc1NzRzciXX0=','2015-07-06 15:40:37'),('aoeeolfcif821gtgjvtcgq1x2b89ysek','Zjk4M2YyNzkwNDdlMzRhMDQzNzcwYjZmMDFiMWJlNWM0NjQzZTAyMzp7Im9hdXRoX2FwaS5saW5rZWRpbi5jb21fcmVxdWVzdF90b2tlbiI6eyJvYXV0aF90b2tlbl9zZWNyZXQiOiJhY2UwNzA1MC01MmU4LTRlOTktODgwNC0wYzJjOGJhOTVhYWIiLCJvYXV0aF90b2tlbiI6Ijc3LS1jZDRjOWVhYy1iZDk0LTQ3NGUtOTJhZi1iZjg3MzZmMmNhMTgiLCJ4b2F1dGhfcmVxdWVzdF9hdXRoX3VybCI6Imh0dHBzOi8vYXBpLmxpbmtlZGluLmNvbS91YXMvb2F1dGgvYXV0aG9yaXplIiwib2F1dGhfZXhwaXJlc19pbiI6IjU5OSIsIm9hdXRoX2NhbGxiYWNrX2NvbmZpcm1lZCI6InRydWUifSwic29jaWFsYWNjb3VudF9zdGF0ZSI6W3sicHJvY2VzcyI6ImxvZ2luIiwic2NvcGUiOiIiLCJhdXRoX3BhcmFtcyI6IiJ9LCJRRnk5b0NTdHJ0VnAiXX0=','2015-07-04 20:46:20'),('b20getl098ighugfcesat5x3yk0zyxi5','NTQ4YzZlODU4MmU3NjE3MGNlZWU5OTE3NWYxMGJiMDY0YzRkMDRiODp7InNvY2lhbGFjY291bnRfc3RhdGUiOlt7InByb2Nlc3MiOiJsb2dpbiIsInNjb3BlIjoiIiwiYXV0aF9wYXJhbXMiOiIifSwiZHdRZ0JGRHFxVUZNIl19','2015-07-06 10:41:36'),('b2ejmj00it5ws8wgnlfk89xk7jw05ug4','M2FlYTUzMmFmOGU2NDNiYjE3ZTMxZjZkMjNhNTk1MDc4MGM5YWEwMjp7Il9hdXRoX3VzZXJfaGFzaCI6IjgxNWQ5MTNkMWE2YmI4ZjA0YjQwMjI1NWYwZjc3YmMyNzJiZWNlNDQiLCJfYXV0aF91c2VyX2JhY2tlbmQiOiJkamFuZ28uY29udHJpYi5hdXRoLmJhY2tlbmRzLk1vZGVsQmFja2VuZCIsIl9hdXRoX3VzZXJfaWQiOjF9','2015-05-24 10:10:17'),('b81xopbzcfgvowvdl7ur2fjyg6n8d0ws','Mjk1OGI4ZWI0NTUxYWVkNWQzZjNiYmZjYWM3YWE2MDEyYmU0NDQ5Yjp7InNvY2lhbGFjY291bnRfc3RhdGUiOlt7InByb2Nlc3MiOiJsb2dpbiIsInNjb3BlIjoiIiwiYXV0aF9wYXJhbXMiOiIifSwiUzRMc1JWTGFFYjVlIl19','2015-06-09 13:22:48'),('b9093y9civ60ofd2crcd11j7ueqh9g4u','ZTkzMzJkZmM0YmRlY2Y2NGY4Nzk2OWMwNWQyZjZjNTdjZDU1OWU2Mzp7Im9hdXRoX2FwaS5saW5rZWRpbi5jb21fcmVxdWVzdF90b2tlbiI6eyJvYXV0aF90b2tlbl9zZWNyZXQiOiJjNTk1MTEyZC05NmQ3LTRmZDAtOTdlZC1kNWZjMDQxNjNmYTQiLCJvYXV0aF90b2tlbiI6Ijc3LS1iMDFhZGZjMS1hZjg4LTQyMDQtOWE3Zi01ZWM1NGI5YjI5OTUiLCJ4b2F1dGhfcmVxdWVzdF9hdXRoX3VybCI6Imh0dHBzOi8vYXBpLmxpbmtlZGluLmNvbS91YXMvb2F1dGgvYXV0aG9yaXplIiwib2F1dGhfZXhwaXJlc19pbiI6IjU5OSIsIm9hdXRoX2NhbGxiYWNrX2NvbmZpcm1lZCI6InRydWUifSwic29jaWFsYWNjb3VudF9zdGF0ZSI6W3sicHJvY2VzcyI6ImNvbm5lY3QiLCJzY29wZSI6IiIsImF1dGhfcGFyYW1zIjoiIn0sIkRzNkh0S2FCYkoxMCJdfQ==','2015-07-04 08:51:16'),('bc5sday440j7pjywm3x9urk6ixx6ecac','YWNkZmY2ZTgyZDk0NGE1ZjIwNDBlNzdhY2JhZjA3ODdjMjUxZjAzNzp7Im9hdXRoX2FwaS5saW5rZWRpbi5jb21fcmVxdWVzdF90b2tlbiI6eyJvYXV0aF90b2tlbl9zZWNyZXQiOiJhYWVmNWQyMy0wYzM0LTRmMTUtOTQxYS02NTYzOGY3MTI1MWMiLCJvYXV0aF90b2tlbiI6Ijc3LS1kZDRlOTRlNy02Mzc4LTQzNjAtOTI5NS03ZjZjYzg2ZTY4M2QiLCJ4b2F1dGhfcmVxdWVzdF9hdXRoX3VybCI6Imh0dHBzOi8vYXBpLmxpbmtlZGluLmNvbS91YXMvb2F1dGgvYXV0aG9yaXplIiwib2F1dGhfZXhwaXJlc19pbiI6IjU5OSIsIm9hdXRoX2NhbGxiYWNrX2NvbmZpcm1lZCI6InRydWUifSwic29jaWFsYWNjb3VudF9zdGF0ZSI6W3sicHJvY2VzcyI6ImNvbm5lY3QiLCJzY29wZSI6IiIsImF1dGhfcGFyYW1zIjoiIn0sIjVzN28wd3pFa2xoSiJdfQ==','2015-07-04 09:49:24'),('blf9hw20i9crs0iexdmewapwx7vwpokc','OTVhZjIxYThhZmU1ODViODM1ZjRmYzA4N2VjYmNhMzQ0MzBkNTcwYjp7InNvY2lhbGFjY291bnRfc3RhdGUiOlt7InByb2Nlc3MiOiJjb25uZWN0Iiwic2NvcGUiOiIiLCJhdXRoX3BhcmFtcyI6IiJ9LCJOR3prbUIwYVF5dkIiXX0=','2015-07-12 08:22:51'),('c47atdtbd2dcl6rb428gl7uj69ifa63b','NTQ5ZTRhYzQ2MzA2NTI1MGRiYjQzNTZkNWNiZmY2NWM3YzQxYzI2Nzp7InNvY2lhbGFjY291bnRfc3RhdGUiOlt7InByb2Nlc3MiOiJsb2dpbiIsInNjb3BlIjoiIiwiYXV0aF9wYXJhbXMiOiIifSwiU1hMYldrVDVLaWpaIl19','2015-06-05 10:52:43'),('ccmii3l1f9aqewcxo6j0qcnrnchs3ijs','YzBjZTcxYTJhNjNmYzU5M2E3NjM3NGY4NjE4ZTQ3MzYzMWQ0MmEwYzp7InNvY2lhbGFjY291bnRfc3RhdGUiOlt7InByb2Nlc3MiOiJsb2dpbiIsInNjb3BlIjoiIiwiYXV0aF9wYXJhbXMiOiIifSwiYzJCTnJFaXpmN0EwIl19','2015-07-13 15:28:54'),('cf1n2pug64w1njujftwgzh8h034r4f8q','NWViMjhlODFjYTlkZDY4OTdhNGJkZmI3NWZhOGFkNGFiMDk0ZjBkZTp7fQ==','2015-07-01 13:20:59'),('chpfoizaldnz0ofhbd67w2wcnfrcg5cm','NWViMjhlODFjYTlkZDY4OTdhNGJkZmI3NWZhOGFkNGFiMDk0ZjBkZTp7fQ==','2015-07-02 12:57:21'),('cv2zl340tcypg07hwop8g2094udxi5rc','Y2RmNDI3OGFjMmUxZTFiNTQ4ZDBmZDZhMTRlNTJjZThhZWFiMmMwMTp7Im9hdXRoX2FwaS5saW5rZWRpbi5jb21fcmVxdWVzdF90b2tlbiI6eyJvYXV0aF90b2tlbl9zZWNyZXQiOiJmNzNlMGY1Ny02Y2JhLTQ5NTktYTQ4YS0xZTBkMzUwZjc3ODciLCJvYXV0aF90b2tlbiI6Ijc3LS00ODYyYmM2Zi04OWZmLTQ2MzUtYWM0OS01OWVmM2FmMGQ4MTkiLCJ4b2F1dGhfcmVxdWVzdF9hdXRoX3VybCI6Imh0dHBzOi8vYXBpLmxpbmtlZGluLmNvbS91YXMvb2F1dGgvYXV0aG9yaXplIiwib2F1dGhfZXhwaXJlc19pbiI6IjU5OSIsIm9hdXRoX2NhbGxiYWNrX2NvbmZpcm1lZCI6InRydWUifSwic29jaWFsYWNjb3VudF9zdGF0ZSI6W3sicHJvY2VzcyI6ImNvbm5lY3QiLCJzY29wZSI6IiIsImF1dGhfcGFyYW1zIjoiIn0sInVuYmFoYmRkc0MxZSJdfQ==','2015-07-07 12:53:51'),('cy28rdrxuod9v7jpdtkhx4ahqeq2y0ap','YWE0MGZhZTRiNTRkNTBlZmYzZjU5MmE5ZWY5ZWZjNzI4M2Y5YWIzNDp7Im9hdXRoX2FwaS5saW5rZWRpbi5jb21fcmVxdWVzdF90b2tlbiI6eyJvYXV0aF90b2tlbl9zZWNyZXQiOiJiNTA1MDkzOC1mYjQyLTRhODEtYWJmMS0wNTJhYjI1OTgyNjMiLCJvYXV0aF90b2tlbiI6Ijc3LS1mOThjYTQ1Mi05YTJlLTQ2N2QtODAwNy0yYTNhNjcyZTVlNWYiLCJ4b2F1dGhfcmVxdWVzdF9hdXRoX3VybCI6Imh0dHBzOi8vYXBpLmxpbmtlZGluLmNvbS91YXMvb2F1dGgvYXV0aG9yaXplIiwib2F1dGhfZXhwaXJlc19pbiI6IjU5OSIsIm9hdXRoX2NhbGxiYWNrX2NvbmZpcm1lZCI6InRydWUifSwic29jaWFsYWNjb3VudF9zdGF0ZSI6W3sicHJvY2VzcyI6ImNvbm5lY3QiLCJzY29wZSI6IiIsImF1dGhfcGFyYW1zIjoiIn0sIm9hN1djSm1RdmF3NSJdfQ==','2015-07-16 08:02:18'),('d1kadia7h8bel5fi9qm5j5dalkxx4ff6','ZDYyNGYyMDY3MzE5YzdlY2JlYjAyNjYwMGYwODk4NWQxYmI3ZDNkNjp7Il9hdXRoX3VzZXJfaGFzaCI6ImZjOGNkZjc1N2EyYzg3ZDJhZjVlYzlkYWE2NDAyNTMyOTMyYTA2YjAiLCJfYXV0aF91c2VyX2JhY2tlbmQiOiJkamFuZ28uY29udHJpYi5hdXRoLmJhY2tlbmRzLk1vZGVsQmFja2VuZCIsIl9hdXRoX3VzZXJfaWQiOjcwfQ==','2015-07-27 16:18:01'),('dcbm6l3e3ojc1q8bgvt4sr72c5j2bvun','NWViMjhlODFjYTlkZDY4OTdhNGJkZmI3NWZhOGFkNGFiMDk0ZjBkZTp7fQ==','2015-07-02 13:40:34'),('dfziln5xdoq3qfy4p8fad4ce6buort59','OThlN2Q1Y2E4MzIzMjRjNTMwNTg1ZmU5OTdiNGU3NjdjZmM2ZmY4Mzp7Il9hdXRoX3VzZXJfaGFzaCI6ImZjOGNkZjc1N2EyYzg3ZDJhZjVlYzlkYWE2NDAyNTMyOTMyYTA2YjAiLCJfYXV0aF91c2VyX2lkIjo2NywiX2F1dGhfdXNlcl9iYWNrZW5kIjoiZGphbmdvLmNvbnRyaWIuYXV0aC5iYWNrZW5kcy5Nb2RlbEJhY2tlbmQifQ==','2015-07-27 12:06:13'),('dhwco4vh4imdy507zwmgpieuj9oo4k4o','NjY4ZWZlOGQ1YmNlNTc2ODhhN2Q2OGZmNzlhZGM0MjI0ZDVkYzBhZDp7InNvY2lhbGFjY291bnRfc3RhdGUiOlt7InByb2Nlc3MiOiJsb2dpbiIsInNjb3BlIjoiIiwiYXV0aF9wYXJhbXMiOiIifSwiWmhYZkI0QTdSeGhMIl19','2015-06-15 14:20:53'),('dpzxb2qvgtru5oan1be454qy51g2w8u8','NWViMjhlODFjYTlkZDY4OTdhNGJkZmI3NWZhOGFkNGFiMDk0ZjBkZTp7fQ==','2015-07-09 11:34:08'),('ds1h3jq6jd4gzhtic7jgry2jzb6ayp6z','OTAyZmVhYzBmYzMzNjMxYmE3NjA4ZGZlYjgzZmMyMjZhYTQ5NTdjZjp7InNvY2lhbGFjY291bnRfc3RhdGUiOlt7InByb2Nlc3MiOiJjb25uZWN0Iiwic2NvcGUiOiIiLCJhdXRoX3BhcmFtcyI6IiJ9LCJBdlNtNmlURGJxOGciXX0=','2015-07-12 07:11:58'),('dvlev56iypj0wludfoonnruq26qayspy','NWViMjhlODFjYTlkZDY4OTdhNGJkZmI3NWZhOGFkNGFiMDk0ZjBkZTp7fQ==','2015-07-01 16:09:54'),('e66jqzfoirgj6cg4zms0qcm4t2ymvtaj','NGFjZmU0ODdkZGE1MjUwODEyNzU5ZjA2Mzg0NzU2ZDFhZWMxNWEzYjp7Il9hdXRoX3VzZXJfaGFzaCI6IjViYmU1YzQ2MDJiY2RiNzc5NzA4Njk0ZDFhZGI0ZmU4YWIzMzgwMTYiLCJfYXV0aF91c2VyX2JhY2tlbmQiOiJkamFuZ28uY29udHJpYi5hdXRoLmJhY2tlbmRzLk1vZGVsQmFja2VuZCIsIl9hdXRoX3VzZXJfaWQiOjF9','2015-06-15 05:21:14'),('ei6xhgghct92a7fftc1qraun5taolrdp','NWViMjhlODFjYTlkZDY4OTdhNGJkZmI3NWZhOGFkNGFiMDk0ZjBkZTp7fQ==','2015-07-21 14:38:45'),('emiff2n534okxime65cfmbsyoadvgvz9','YmZkNGI5MjBjMDhjMTVlNGExMGY4ZWQyZmEzNTNkNjZhNGExMTVkODp7Il9hdXRoX3VzZXJfaGFzaCI6ImZjOGNkZjc1N2EyYzg3ZDJhZjVlYzlkYWE2NDAyNTMyOTMyYTA2YjAiLCJfYXV0aF91c2VyX2JhY2tlbmQiOiJkamFuZ28uY29udHJpYi5hdXRoLmJhY2tlbmRzLk1vZGVsQmFja2VuZCIsIl9hdXRoX3VzZXJfaWQiOjY0fQ==','2015-07-26 23:23:15'),('esur4iepkm6fyp04ndn0i8fvz2b2g11q','MmU1OTZhNGJiZWM2M2M0MWQ3NmFlMzE3MTVjM2NhMGI4MTQxZTdkYTp7InNvY2lhbGFjY291bnRfc3RhdGUiOlt7InByb2Nlc3MiOiJsb2dpbiIsInNjb3BlIjoiIiwiYXV0aF9wYXJhbXMiOiIifSwiMmNNeENMdnBEd0pXIl19','2015-07-25 08:51:04'),('eyye7kbd3dc6lhjgt4u44cguwsoypjx6','NWViMjhlODFjYTlkZDY4OTdhNGJkZmI3NWZhOGFkNGFiMDk0ZjBkZTp7fQ==','2015-06-29 13:32:42'),('ezd5rha1luxnlyi5gvq2zvbednp3pajo','Zjc4NDE3ZGU0MWY0ZWJiMDA3NDE0NzEwMjhlNDZiOGFjZjNjMGI3ZDp7Im9hdXRoX2FwaS5saW5rZWRpbi5jb21fcmVxdWVzdF90b2tlbiI6eyJvYXV0aF90b2tlbl9zZWNyZXQiOiJkMzFkODUzOS1lNjEzLTQ2MTctYmUwNS0yNjkwNjZiMzZlNWUiLCJvYXV0aF90b2tlbiI6Ijc3LS1kYzI5Mjc0MC05MDUzLTRhOGItOTIyNy00NWNjMWY3ZWRiN2UiLCJ4b2F1dGhfcmVxdWVzdF9hdXRoX3VybCI6Imh0dHBzOi8vYXBpLmxpbmtlZGluLmNvbS91YXMvb2F1dGgvYXV0aG9yaXplIiwib2F1dGhfZXhwaXJlc19pbiI6IjU5OSIsIm9hdXRoX2NhbGxiYWNrX2NvbmZpcm1lZCI6InRydWUifSwic29jaWFsYWNjb3VudF9zdGF0ZSI6W3sicHJvY2VzcyI6ImxvZ2luIiwic2NvcGUiOiIiLCJhdXRoX3BhcmFtcyI6IiJ9LCJ1MUM1WjlSc0sza0UiXX0=','2015-07-03 19:02:22'),('ezqcx5p1v9948gd3xnv20s7mxc1kbhxh','MjBmNjQxYWY0ZjI5Y2I4OGQ4MTc5NmU4ZjIzYzg4NjM1MzJmMjk2Yjp7InNvY2lhbGFjY291bnRfc3RhdGUiOlt7InByb2Nlc3MiOiJsb2dpbiIsInNjb3BlIjoiIiwiYXV0aF9wYXJhbXMiOiIiLCJuZXh0IjoiL3VzZXIvIn0sInlEd3ZzamFvZ2ZpeSJdfQ==','2015-05-25 05:15:04'),('f3amoq6x8lb25ryaqaqelcktx4xcwjrj','OTcyZTBiZDc4YWU0OTI4OTAyNGFiYWFkOGM0M2I5ODg0MGQ0Mzk5Mjp7InNvY2lhbGFjY291bnRfc3RhdGUiOlt7InByb2Nlc3MiOiJjb25uZWN0Iiwic2NvcGUiOiIiLCJhdXRoX3BhcmFtcyI6IiJ9LCJJYWNFS1ZFSkFuSXMiXX0=','2015-07-24 09:57:07'),('f49tnemn9odtz6zaysqgkbvs8hrb0gb5','NGFjZmU0ODdkZGE1MjUwODEyNzU5ZjA2Mzg0NzU2ZDFhZWMxNWEzYjp7Il9hdXRoX3VzZXJfaGFzaCI6IjViYmU1YzQ2MDJiY2RiNzc5NzA4Njk0ZDFhZGI0ZmU4YWIzMzgwMTYiLCJfYXV0aF91c2VyX2JhY2tlbmQiOiJkamFuZ28uY29udHJpYi5hdXRoLmJhY2tlbmRzLk1vZGVsQmFja2VuZCIsIl9hdXRoX3VzZXJfaWQiOjF9','2015-06-13 12:35:48'),('f4mw52twoj3cp7qju48ulwla6a3ypg78','NTNmYmFhMzU0YTQwMTE2MmZhMWY0ZWUxZTgyMjRlZTAxYjNmMGJlODp7InNvY2lhbGFjY291bnRfc3RhdGUiOlt7InByb2Nlc3MiOiJsb2dpbiIsInNjb3BlIjoiIiwiYXV0aF9wYXJhbXMiOiIifSwidnVoM2liNHVNMU52Il19','2015-06-02 21:08:36'),('fe0q1k0h51u8whtjhj9nbknmsf5oi08x','OWRhOTJiNThjZGNiNTY2YzNhYzE0OGU0ODhhOGQwYmJlZTE5MzEzZjp7InNvY2lhbGFjY291bnRfc3RhdGUiOlt7InByb2Nlc3MiOiJsb2dpbiIsInNjb3BlIjoiIiwiYXV0aF9wYXJhbXMiOiIifSwiTnBUTHh4TDBxeXpTIl19','2015-07-03 23:49:19'),('fgvt1gni1qyieydzkizprfhzkonl3m55','MjM1ODg1ZDRmZWNlN2U2NjU0YzBjNTY2YTJmYTI3YTE5ZjNmMmQ3MTp7InNvY2lhbGFjY291bnRfc3RhdGUiOlt7InByb2Nlc3MiOiJsb2dpbiIsInNjb3BlIjoiIiwiYXV0aF9wYXJhbXMiOiIifSwiMzFuU3VxNkxpazB5Il19','2015-07-03 17:40:19'),('fhddycjed57cx7yq9d3chgbfqe7irjj2','ZmU4ODBiYzhhMzA3NzY3YWVmMTVhYTQ3MGRhNTc2NWJjMWQxOTA1Mjp7Im9hdXRoX2FwaS5saW5rZWRpbi5jb21fcmVxdWVzdF90b2tlbiI6eyJvYXV0aF90b2tlbl9zZWNyZXQiOiI0NTRiMmUwMS00ZmNjLTQ0MGUtOGViOC1lYzgzZWM3MTQ5YjkiLCJvYXV0aF90b2tlbiI6Ijc3LS02NDA0NjUzMi02YWE0LTQwNzAtODhjMy01YzYwZTg3Njc3MDYiLCJ4b2F1dGhfcmVxdWVzdF9hdXRoX3VybCI6Imh0dHBzOi8vYXBpLmxpbmtlZGluLmNvbS91YXMvb2F1dGgvYXV0aG9yaXplIiwib2F1dGhfZXhwaXJlc19pbiI6IjU5OSIsIm9hdXRoX2NhbGxiYWNrX2NvbmZpcm1lZCI6InRydWUifSwic29jaWFsYWNjb3VudF9zdGF0ZSI6W3sicHJvY2VzcyI6ImxvZ2luIiwic2NvcGUiOiIiLCJhdXRoX3BhcmFtcyI6IiJ9LCJqMzFoNnNiZmtiOFAiXX0=','2015-07-26 05:00:31'),('fhyulxrleco9yutthehramjre7bonrd4','M2ZjMWJhYzIxNjhjNmE2ODI3NjVhMzJhYTE5MTE1ZWY2NmEyOTNiODp7InNvY2lhbGFjY291bnRfc3RhdGUiOlt7InByb2Nlc3MiOiJjb25uZWN0Iiwic2NvcGUiOiIiLCJhdXRoX3BhcmFtcyI6IiJ9LCJQR2FwZGdxU01SUFUiXX0=','2015-07-04 09:49:24'),('fmbl4uu4rhvnynw36kfg913e2gzs760y','ZTgwYzYwNjRiYWVjMjBmMzAzZTAyN2JjODJlZTJiYWI5OTU4Zjg1Mjp7InNvY2lhbGFjY291bnRfc3RhdGUiOlt7InByb2Nlc3MiOiJsb2dpbiIsInNjb3BlIjoiIiwiYXV0aF9wYXJhbXMiOiIifSwiNUs3WHZRcFE2aWpGIl19','2015-07-15 15:37:44'),('ftzkmjsqx5y73hw084svlkyvpsgy58q5','NWViMjhlODFjYTlkZDY4OTdhNGJkZmI3NWZhOGFkNGFiMDk0ZjBkZTp7fQ==','2015-06-30 08:42:29'),('fyy4da1pmm05c73xupdcemxu84su1b1e','YzgwZDNhNjRkMmZkMzUzYWM2NzJiNTFiMTNkZDQ5ODBjMTc3NzQxMzp7Im9hdXRoX2FwaS5saW5rZWRpbi5jb21fcmVxdWVzdF90b2tlbiI6eyJvYXV0aF90b2tlbl9zZWNyZXQiOiJmNTY3ZDc1OS05MzYzLTRjYmYtYjg1Zi0xOGRhZjQyNzk0NDIiLCJvYXV0aF90b2tlbiI6Ijc3LS0xNzQ0MWYxZS0wZDJmLTQ0ZmQtYWVhZC02ZWE1ZjcxYzQ3MDUiLCJ4b2F1dGhfcmVxdWVzdF9hdXRoX3VybCI6Imh0dHBzOi8vYXBpLmxpbmtlZGluLmNvbS91YXMvb2F1dGgvYXV0aG9yaXplIiwib2F1dGhfZXhwaXJlc19pbiI6IjU5OSIsIm9hdXRoX2NhbGxiYWNrX2NvbmZpcm1lZCI6InRydWUifSwic29jaWFsYWNjb3VudF9zdGF0ZSI6W3sicHJvY2VzcyI6ImNvbm5lY3QiLCJzY29wZSI6IiIsImF1dGhfcGFyYW1zIjoiIn0sIlpVUFlWU21hdFE3ViJdfQ==','2015-07-03 19:28:56'),('fzgfvmo2ssg7070j75lp064lomh7dyke','ZWYwMjcxZWNkYjQ1NDg2N2NlZWExMmI5YzQ3Y2FmODQ0ZGZlYzg2OTp7Il9hdXRoX3VzZXJfaGFzaCI6ImJkNWUyZDcyZTM0MTJkMDg0ZDM3Y2Y3MWFlZjc0YzdhZmY2Nzk0ZWYiLCJfYXV0aF91c2VyX2JhY2tlbmQiOiJhbGxhdXRoLmFjY291bnQuYXV0aF9iYWNrZW5kcy5BdXRoZW50aWNhdGlvbkJhY2tlbmQiLCJfYXV0aF91c2VyX2lkIjoyMX0=','2015-06-06 16:56:35'),('g4maw4ppm2oxyl4ti0g91nz4k5yep3p1','M2JmNTYxYzljOWVhOTkwN2U4ZjJiOWQxNjgwNzY2ZjZkNWRhYmM1MTp7InNvY2lhbGFjY291bnRfc29jaWFsbG9naW4iOnsidXNlciI6eyJ1c2VybmFtZSI6IiIsImZpcnN0X25hbWUiOiJTd2F0aSIsImxhc3RfbmFtZSI6IkthbWF0aCIsImlzX2FjdGl2ZSI6dHJ1ZSwiaWQiOm51bGwsImlzX3N1cGVydXNlciI6ZmFsc2UsImlzX3N0YWZmIjpmYWxzZSwibGFzdF9sb2dpbiI6IjIwMTUtMDYtMDNUMDg6NDU6MTkuNzgyWiIsInBhc3N3b3JkIjoiIUN1bXhtU2VlOXU4ZnU0NUZtcE5HUVJrWlNaV2F6RE1HZUZxaFpveEYiLCJlbWFpbCI6ImxvbGJvbGtob2xAZ21haWwuY29tIiwiZGF0ZV9qb2luZWQiOiIyMDE1LTA2LTAzVDA4OjQ1OjE5Ljc4MloifSwidG9rZW4iOnsiYWNjb3VudF9pZCI6bnVsbCwiYXBwX2lkIjoyLCJleHBpcmVzX2F0IjoiMjAxNS0wOC0wMlQwODo0NDo0Ny41MjdaIiwidG9rZW4iOiJDQUFLSVpCQ2gwSW93QkFFWXg5ZTZ4YXc3RmJVWkE0V2U5UXBGcTJmMjNaQ0xwVXFaQWxMcEJHTzRaQWU3aXZ0eWVZVzFINGlLd09yelBjbDczcmxlOENnZUJLaXFWeFlJVlpDd3FVQVhJcmJoT09RYW9hbWtGdElobnZPWkNpZ3JkT0wyUlc4dmhkSXZjYjZ2U1pCcmNYUU5rd05taWlNZnFmcFNSZGc4WkJLS20zOU00cmZJd1ZxMk1ZajAzVGVXSzNMS29QVDhicGoxVFcwbk5xWGVMM3F4MDliRUV1M2U4QlpBb2lkY0Vlbm55TE9tejRwYXROVnU5QSIsImlkIjpudWxsLCJ0b2tlbl9zZWNyZXQiOiIifSwiYWNjb3VudCI6eyJ1c2VyX2lkIjpudWxsLCJ1aWQiOiI2NzY0OTk1MjI0NTQ5MjQiLCJsYXN0X2xvZ2luIjpudWxsLCJwcm92aWRlciI6ImZhY2Vib29rIiwiZXh0cmFfZGF0YSI6eyJmaXJzdF9uYW1lIjoiU3dhdGkiLCJsYXN0X25hbWUiOiJLYW1hdGgiLCJ2ZXJpZmllZCI6dHJ1ZSwibmFtZSI6IlN3YXRpIEthbWF0aCIsImxvY2FsZSI6ImVuX1VTIiwiZ2VuZGVyIjoiZmVtYWxlIiwidXBkYXRlZF90aW1lIjoiMjAxNS0wMi0xMFQwNzo0NjowNCswMDAwIiwiZW1haWwiOiJsb2xib2xraG9sQGdtYWlsLmNvbSIsImxpbmsiOiJodHRwczovL3d3dy5mYWNlYm9vay5jb20vYXBwX3Njb3BlZF91c2VyX2lkLzY3NjQ5OTUyMjQ1NDkyNC8iLCJ0aW1lem9uZSI6NS41LCJpZCI6IjY3NjQ5OTUyMjQ1NDkyNCJ9LCJpZCI6bnVsbCwiZGF0ZV9qb2luZWQiOm51bGx9LCJlbWFpbF9hZGRyZXNzZXMiOlt7InZlcmlmaWVkIjpmYWxzZSwidXNlcl9pZCI6bnVsbCwiZW1haWwiOiJsb2xib2xraG9sQGdtYWlsLmNvbSIsInByaW1hcnkiOnRydWUsImlkIjpudWxsfV0sInN0YXRlIjp7InByb2Nlc3MiOiJsb2dpbiIsInNjb3BlIjoiIiwiYXV0aF9wYXJhbXMiOiIifX0sImFsbGF1dGhfZmFjZWJvb2tfbm9uY2UiOiJzT256eXFTZmNWM2tTVGZ5bm9pSlZFYjBnaFNEMkZIZiJ9','2015-06-17 08:45:27'),('g6uckb5dnlkvbfb9ixxcn8twm2whho7y','N2RkMjYyMjgwMzgxODY1NzFkODg3ZDAyMjUyZGI5NzYxZDM3NzdiMTp7Im9hdXRoX2FwaS5saW5rZWRpbi5jb21fcmVxdWVzdF90b2tlbiI6eyJvYXV0aF90b2tlbl9zZWNyZXQiOiI3ZmFiNThkYS1mNWJjLTQ3YjMtOGIxOS01MmJjZTFjNmFlYzAiLCJvYXV0aF90b2tlbiI6Ijc3LS03ZWEzNGJiNS02Yjg2LTRjNzMtYTcwNy01MjlhYTAxYzNhNzciLCJ4b2F1dGhfcmVxdWVzdF9hdXRoX3VybCI6Imh0dHBzOi8vYXBpLmxpbmtlZGluLmNvbS91YXMvb2F1dGgvYXV0aG9yaXplIiwib2F1dGhfZXhwaXJlc19pbiI6IjU5OSIsIm9hdXRoX2NhbGxiYWNrX2NvbmZpcm1lZCI6InRydWUifSwic29jaWFsYWNjb3VudF9zdGF0ZSI6W3sicHJvY2VzcyI6ImNvbm5lY3QiLCJzY29wZSI6IiIsImF1dGhfcGFyYW1zIjoiIn0sIjhOMG9lSDRueXBuayJdfQ==','2015-07-04 20:45:54'),('g76rh993sk9517rfd51344fe97pwlzev','NGFjZmU0ODdkZGE1MjUwODEyNzU5ZjA2Mzg0NzU2ZDFhZWMxNWEzYjp7Il9hdXRoX3VzZXJfaGFzaCI6IjViYmU1YzQ2MDJiY2RiNzc5NzA4Njk0ZDFhZGI0ZmU4YWIzMzgwMTYiLCJfYXV0aF91c2VyX2JhY2tlbmQiOiJkamFuZ28uY29udHJpYi5hdXRoLmJhY2tlbmRzLk1vZGVsQmFja2VuZCIsIl9hdXRoX3VzZXJfaWQiOjF9','2015-07-22 09:18:00'),('g7lfr6jmtell492d724hclfng5o6d82z','YzgxNTllNjEzZjAxZGI3MGNjYjAxN2JmNGIyOGM0OGFhZmNhZDc5Mjp7Il9hdXRoX3VzZXJfaGFzaCI6ImZjOGNkZjc1N2EyYzg3ZDJhZjVlYzlkYWE2NDAyNTMyOTMyYTA2YjAiLCJfYXV0aF91c2VyX2JhY2tlbmQiOiJkamFuZ28uY29udHJpYi5hdXRoLmJhY2tlbmRzLk1vZGVsQmFja2VuZCIsIl9hdXRoX3VzZXJfaWQiOjQ3LCJzb2NpYWxhY2NvdW50X3N0YXRlIjpbeyJwcm9jZXNzIjoibG9naW4iLCJzY29wZSI6IiIsImF1dGhfcGFyYW1zIjoiIn0sIkdkSEJhSWhzM0k2ZyJdfQ==','2015-07-04 17:38:39'),('g9cgvrmqimmu4b8xbj1yyeq5olv0mjkp','MWIwY2JhNjRmYmM1OTVmYjdiYTBjZDFhOWJhZmFjMmE5YTgxNWI5Mzp7ImFsbGF1dGhfZmFjZWJvb2tfbm9uY2UiOiJ1a3lhM0x3RUc1Z3NrWjZDZEIyTUxwMlloNnhSTG0zZCJ9','2015-06-02 21:01:03'),('g9zd5fyprn79ap11lekhumcvneol04wc','NGVmMjNlMWFkNDRmYTdlODRmY2FmYjIyYTE0ZDVjZjJiMDdmMmRlZDp7Il9hdXRoX3VzZXJfaGFzaCI6ImZjOGNkZjc1N2EyYzg3ZDJhZjVlYzlkYWE2NDAyNTMyOTMyYTA2YjAiLCJfYXV0aF91c2VyX2JhY2tlbmQiOiJkamFuZ28uY29udHJpYi5hdXRoLmJhY2tlbmRzLk1vZGVsQmFja2VuZCIsIl9hdXRoX3VzZXJfaWQiOjYzLCJzb2NpYWxhY2NvdW50X3N0YXRlIjpbeyJwcm9jZXNzIjoiY29ubmVjdCIsInNjb3BlIjoiIiwiYXV0aF9wYXJhbXMiOiIifSwiVUxQc3JIMGozTVdYIl19','2015-07-26 14:16:17'),('gdd6nvwpul46niaxu500od9ich346y2j','ZmNhOTM0NTA0NjlhMTIxZGY3YTliYjg3NWYyMGZjMGY0MmY4NDE2MTp7InNvY2lhbGFjY291bnRfc3RhdGUiOlt7InByb2Nlc3MiOiJjb25uZWN0Iiwic2NvcGUiOiIiLCJhdXRoX3BhcmFtcyI6IiJ9LCJ6MkpaTXhnWDZxZDAiXX0=','2015-07-25 13:14:53'),('ggnwbqb628ubx2pxjy72j9yiyl9b824r','YWQ4ODk5Nzc1MzllM2QxNjNkYmQzNzZhYzcwM2NmZDA1OGRmNzQwMzp7InNvY2lhbGFjY291bnRfc29jaWFsbG9naW4iOnsidG9rZW4iOnsiYWNjb3VudF9pZCI6bnVsbCwiYXBwX2lkIjoyLCJleHBpcmVzX2F0IjoiMjAxNS0wNy0wOVQxMTozNTo0OS41MThaIiwidG9rZW4iOiJDQUFLSVpCQ2gwSW93QkFMMU0wSld1RzlhV3RoazlXOTRGWGk3SGpyRUhrd2cwc1ZPaXdlRk5WWkNWaExPZjVxUkNvUmZwUmtDbzlodmhxSXRhWHhjbFR2R0VOaEtySnpITExqNnlVanJkQnlpb3FNUXZoTnlyWFc0b2tSdHNjVHVrUHZKSEpORFpCaTE2a1pDTFJYa0pvaG1jWU4zdHRVVGREangxcTRhV05kSDBHUjNkb2djandFODYzNHJiaTFwOUI5ZDRjQ25rdVNsWFc5Q0pxUTVxOERYSVdMWkI0eGdaRCIsImlkIjpudWxsLCJ0b2tlbl9zZWNyZXQiOiIifSwiYWNjb3VudCI6eyJ1c2VyX2lkIjpudWxsLCJ1aWQiOiI0NTczMDYzOTAwNTA3IiwibGFzdF9sb2dpbiI6bnVsbCwicHJvdmlkZXIiOiJmYWNlYm9vayIsImV4dHJhX2RhdGEiOnsiZmlyc3RfbmFtZSI6IkFubW9sIiwibGFzdF9uYW1lIjoiU2h1a2xhIiwidmVyaWZpZWQiOnRydWUsIm5hbWUiOiJBbm1vbCBTaHVrbGEiLCJsb2NhbGUiOiJlbl9HQiIsImdlbmRlciI6Im1hbGUiLCJ1cGRhdGVkX3RpbWUiOiIyMDE1LTAxLTAyVDA0OjQ2OjE2KzAwMDAiLCJiaXJ0aGRheSI6IjA0LzAxLzE5OTQiLCJsaW5rIjoiaHR0cHM6Ly93d3cuZmFjZWJvb2suY29tL2FwcF9zY29wZWRfdXNlcl9pZC80NTczMDYzOTAwNTA3LyIsImxvY2F0aW9uIjp7ImlkIjoiMTE0NzU5NzYxODczNDEyIiwibmFtZSI6Ik11bWJhaSwgTWFoYXJhc2h0cmEsIEluZGlhIn0sImlkIjoiNDU3MzA2MzkwMDUwNyIsInRpbWV6b25lIjo1LjUsImVkdWNhdGlvbiI6W3sic2Nob29sIjp7ImlkIjoiMTE1MTk3MTI1MTYwMTc3IiwibmFtZSI6IkphaSBIaW5kIENvbGxlZ2UifSwidHlwZSI6IkhpZ2ggU2Nob29sIn0seyJzY2hvb2wiOnsiaWQiOiIxMTMwMjU3NjIwNjU4NTQiLCJuYW1lIjoiSFZCIEdMT0JBTCBBQ0FERU1ZIn0sInR5cGUiOiJIaWdoIFNjaG9vbCIsInllYXIiOnsiaWQiOiIxNDI5NjM1MTkwNjA5MjciLCJuYW1lIjoiMjAxMCJ9fSx7InNjaG9vbCI6eyJpZCI6IjEwODA1MjkwOTIyODQ5NiIsIm5hbWUiOiJodmIgYWNhZGVteSJ9LCJ0eXBlIjoiSGlnaCBTY2hvb2wiLCJ5ZWFyIjp7ImlkIjoiMTQyOTYzNTE5MDYwOTI3IiwibmFtZSI6IjIwMTAifX0seyJzY2hvb2wiOnsiaWQiOiIxMDgwNTI5MDkyMjg0OTYiLCJuYW1lIjoiaHZiIGFjYWRlbXkifSwidHlwZSI6IkhpZ2ggU2Nob29sIiwieWVhciI6eyJpZCI6IjE0Mjk2MzUxOTA2MDkyNyIsIm5hbWUiOiIyMDEwIn19LHsiY29uY2VudHJhdGlvbiI6W3siaWQiOiIxMTUyOTQ3NDg0ODQ3NDgiLCJuYW1lIjoiQ29tcHV0ZXIgU2NpZW5jZSBhbmQgRW5naW5lZXJpbmcifV0sInR5cGUiOiJDb2xsZWdlIiwic2Nob29sIjp7ImlkIjoiMTE0OTI4OTc1MTg5MTY3IiwibmFtZSI6IlZOSVQifSwieWVhciI6eyJpZCI6IjEyNzM0MjA1Mzk3NTUxMCIsIm5hbWUiOiIyMDE2In19XSwiZW1haWwiOiJhbm1vbC5zaGtsQGdtYWlsLmNvbSJ9LCJpZCI6bnVsbCwiZGF0ZV9qb2luZWQiOm51bGx9LCJzdGF0ZSI6eyJwcm9jZXNzIjoibG9naW4iLCJzY29wZSI6IiIsImF1dGhfcGFyYW1zIjoiIiwibmV4dCI6Ii91c2VyLyJ9LCJlbWFpbF9hZGRyZXNzZXMiOlt7InVzZXJfaWQiOm51bGwsImVtYWlsIjoiYW5tb2wuc2hrbEBnbWFpbC5jb20iLCJ2ZXJpZmllZCI6ZmFsc2UsImlkIjpudWxsLCJwcmltYXJ5Ijp0cnVlfV0sInVzZXIiOnsidXNlcm5hbWUiOiIiLCJmaXJzdF9uYW1lIjoiQW5tb2wiLCJsYXN0X25hbWUiOiJTaHVrbGEiLCJpc19hY3RpdmUiOnRydWUsImVtYWlsIjoiYW5tb2wuc2hrbEBnbWFpbC5jb20iLCJpc19zdXBlcnVzZXIiOmZhbHNlLCJpc19zdGFmZiI6ZmFsc2UsImxhc3RfbG9naW4iOiIyMDE1LTA1LTExVDA1OjIxOjQ4Ljc5N1oiLCJwYXNzd29yZCI6IiFmWTY4SVhxdlJqazVwNjNMakpyOXBJd0RFcEdaRUNMc0hIWDRsQXo1IiwiaWQiOm51bGwsImRhdGVfam9pbmVkIjoiMjAxNS0wNS0xMVQwNToyMTo0OC43OTdaIn19fQ==','2015-05-25 05:21:48'),('gnunnk12od6jb9pz20w0pxmxv8jr7akz','OGNkN2ZmMjY1MWQ1MjgxYTJjZDFlNDFkMDY0ZmNjNjM5YTE3ZTdiNDp7InNvY2lhbGFjY291bnRfc3RhdGUiOlt7InByb2Nlc3MiOiJjb25uZWN0Iiwic2NvcGUiOiIiLCJhdXRoX3BhcmFtcyI6IiJ9LCJVYkpabkRJVW1RYUgiXX0=','2015-07-12 07:11:58'),('gq1wkxfomtvpswnxb45p19npna7z2se8','ZTI2OTg0YmVkMWRmOGZiYjc3NmYyYmYzMTdiZjgxMGE5YzdmZTUyNzp7Im9hdXRoX2FwaS5saW5rZWRpbi5jb21fcmVxdWVzdF90b2tlbiI6eyJvYXV0aF90b2tlbl9zZWNyZXQiOiIwNjQ1M2ExYi04ZWQ5LTQ5YmUtOTMzMy1jN2NmOGI0OGE5ZTciLCJvYXV0aF90b2tlbiI6Ijc3LS05YmM4ODQ2Yi1mZmVkLTQ3ZGMtODM2Yy05ZGZjZTg2ZDgwMzMiLCJ4b2F1dGhfcmVxdWVzdF9hdXRoX3VybCI6Imh0dHBzOi8vYXBpLmxpbmtlZGluLmNvbS91YXMvb2F1dGgvYXV0aG9yaXplIiwib2F1dGhfZXhwaXJlc19pbiI6IjU5OSIsIm9hdXRoX2NhbGxiYWNrX2NvbmZpcm1lZCI6InRydWUifSwic29jaWFsYWNjb3VudF9zdGF0ZSI6W3sicHJvY2VzcyI6ImNvbm5lY3QiLCJzY29wZSI6IiIsImF1dGhfcGFyYW1zIjoiIn0sIlVxRDVTeFEzQlVlWSJdfQ==','2015-07-24 10:07:00'),('griqtr0kevrhwf4dk7rgflg7c2qn01rs','MzBiMmY4M2FkZmRjYjBmZjM1NGM0MDY4NDZmOTNlNDM4N2YxODJjZDp7Im9hdXRoX2FwaS5saW5rZWRpbi5jb21fcmVxdWVzdF90b2tlbiI6eyJvYXV0aF90b2tlbl9zZWNyZXQiOiIwYzlmNTVmOC05MTYxLTQ3ZjYtOTE4YS1lZjJhYzY2NTA2YTYiLCJvYXV0aF90b2tlbiI6Ijc3LS1jNGYyOGVkNS1jODQ4LTQ3NWYtOTVkNC0wNzcwY2E1ZjI1YWQiLCJ4b2F1dGhfcmVxdWVzdF9hdXRoX3VybCI6Imh0dHBzOi8vYXBpLmxpbmtlZGluLmNvbS91YXMvb2F1dGgvYXV0aG9yaXplIiwib2F1dGhfZXhwaXJlc19pbiI6IjU5OSIsIm9hdXRoX2NhbGxiYWNrX2NvbmZpcm1lZCI6InRydWUifSwic29jaWFsYWNjb3VudF9zdGF0ZSI6W3sicHJvY2VzcyI6ImxvZ2luIiwic2NvcGUiOiIiLCJhdXRoX3BhcmFtcyI6IiJ9LCJmVHF4eHYzdHVNOFQiXX0=','2015-07-01 10:22:37'),('gu2v3jeo0x8bs208h5imel5ehhal3evi','ZGExNWI2ZGJhNDQxMWFmNGM2ZDk0NGYyYjFkNGMxNWI2ZTRkOWQxYTp7InNvY2lhbGFjY291bnRfc3RhdGUiOlt7InByb2Nlc3MiOiJjb25uZWN0Iiwic2NvcGUiOiIiLCJhdXRoX3BhcmFtcyI6IiJ9LCIyUko1NkJPNmdtRXEiXX0=','2015-07-25 08:51:08'),('gvyjmtzxbqy91s94661e61ma7yg71yue','OGZjYTRmMjVkZTg1YzBmODU2ZDc1ZWFkY2I3MDlhYzUzNTBhMWMzYzp7InNvY2lhbGFjY291bnRfc3RhdGUiOlt7InByb2Nlc3MiOiJjb25uZWN0Iiwic2NvcGUiOiIiLCJhdXRoX3BhcmFtcyI6IiJ9LCJDZndzeGt1VG9HWmciXX0=','2015-07-13 10:21:59'),('gwvvu2huxp4huk4gdet20a19zhxvl8ds','MmNhOWNmNzk2NTgwMGQ3NzdlMzBkMGUxMDRkMmM0Nzk3OGYzZWRjYTp7InNvY2lhbGFjY291bnRfc3RhdGUiOlt7InByb2Nlc3MiOiJsb2dpbiIsInNjb3BlIjoiIiwiYXV0aF9wYXJhbXMiOiIifSwiRXduaExWcjZUMUtTIl19','2015-06-12 20:28:12'),('gxfi62aj4jq1kqvntkdigyoqbjetwq16','M2E5YTcyNmRlYjEzMjM5ODRiZDhjNTMyOGJjNDRhZjJiM2M1MGU1Njp7InNvY2lhbGFjY291bnRfc3RhdGUiOlt7InByb2Nlc3MiOiJsb2dpbiIsInNjb3BlIjoiIiwiYXV0aF9wYXJhbXMiOiIifSwidU9mWmp5bmVhaHppIl19','2015-07-16 07:36:13'),('gxxfwwo4gue58smgf5g5dzuybioc2l1n','MWNkYzhlODdhOTU2MThiYTM1NWQwNDQ5NzkxOWVmN2Y3ODhhODA2Mzp7Il9hdXRoX3VzZXJfaGFzaCI6IjQ3NzBkNTJmOTk5YWIyZjExMTgzZGFlODZhYTNkYzVjZTVkNGM3NzciLCJfYXV0aF91c2VyX2JhY2tlbmQiOiJkamFuZ28uY29udHJpYi5hdXRoLmJhY2tlbmRzLk1vZGVsQmFja2VuZCIsIl9hdXRoX3VzZXJfaWQiOjMzfQ==','2015-06-15 09:40:48'),('gyv1e8lqgizptrjqkhvjzl7zu5r34shk','MWEwZWRiYjRlMDMzNTlmYzIzZTJkMzU0NmMxNWNmNjU0OWNjOGYxOTp7InNvY2lhbGFjY291bnRfc3RhdGUiOlt7InByb2Nlc3MiOiJsb2dpbiIsInNjb3BlIjoiIiwiYXV0aF9wYXJhbXMiOiIifSwiVDE4cFE2RlhqTUZaIl19','2015-07-02 02:10:07'),('gzvuep22iww8afqsttf8j37ztsp32cv1','NWViMjhlODFjYTlkZDY4OTdhNGJkZmI3NWZhOGFkNGFiMDk0ZjBkZTp7fQ==','2015-06-10 09:46:09'),('h2rxvlhzuepxj267vvvfkju0a4jx0r8r','YmZjYTg0ZDY0NjJhYmRiY2ViMDQyZjg4YzU3MDE5YjA1ZjYxNWI1Yjp7InNvY2lhbGFjY291bnRfc3RhdGUiOlt7InByb2Nlc3MiOiJsb2dpbiIsInNjb3BlIjoiIiwiYXV0aF9wYXJhbXMiOiIiLCJuZXh0IjoiL3VzZXIvIn0sImVwc1N3aWNYdGlQMSJdfQ==','2015-05-25 12:32:39'),('h7ks3qyjs69q5v65cxd3k6cui28mrn20','ZmNlMjdlMmYyMjA3YzQxYzlmZDhlMWNhOTEwOWNiZmU1NDg1ZmJiNzp7InNvY2lhbGFjY291bnRfc3RhdGUiOlt7InByb2Nlc3MiOiJsb2dpbiIsInNjb3BlIjoiIiwiYXV0aF9wYXJhbXMiOiIifSwiak40emxjaFB0TVg1Il19','2015-05-27 12:42:36'),('h9ngnn3o6kgn74oom4ns9ubbpt776pub','OWMxYWQ4YjBmM2E0MGE2Zjg1MTgwOThlMDg4NGVlMTAxMTc5MjdmMDp7InNvY2lhbGFjY291bnRfc3RhdGUiOlt7InByb2Nlc3MiOiJsb2dpbiIsInNjb3BlIjoiIiwiYXV0aF9wYXJhbXMiOiIifSwiekN1a1pZZmtRbTRxIl19','2015-07-25 08:51:04'),('hb1gvdjkrduvisbny51y13zaoffuht39','ODE2ZmRmMmYyMGNlZThhNGE3NDQ3OTY3YzdiNWE4MTA0ZGU5ODQwODp7Il9hdXRoX3VzZXJfaGFzaCI6ImZjOGNkZjc1N2EyYzg3ZDJhZjVlYzlkYWE2NDAyNTMyOTMyYTA2YjAiLCJfYXV0aF91c2VyX2JhY2tlbmQiOiJkamFuZ28uY29udHJpYi5hdXRoLmJhY2tlbmRzLk1vZGVsQmFja2VuZCIsIl9hdXRoX3VzZXJfaWQiOjU1fQ==','2015-07-22 08:57:49'),('hhexwi2eq2dbj0dpmebqpg56osel2xzy','YmFlOWY3OTk4NGRkM2U4NzA5OWJjZjE4YmMwZjlkMWQ4MmYxNmU0YTp7InNvY2lhbGFjY291bnRfc3RhdGUiOlt7InByb2Nlc3MiOiJsb2dpbiIsInNjb3BlIjoiIiwiYXV0aF9wYXJhbXMiOiIifSwiWm11UVZMVUhkNEtYIl19','2015-06-01 00:09:40'),('hhvrjrgvjqu8qf5bcrb9oggo9zw325a8','NmYzMDIxMjZlODAxNTliOTU5YzEzYjBkNWQ5MGM2MTk5NzMzZTYzNTp7InNvY2lhbGFjY291bnRfc3RhdGUiOlt7InByb2Nlc3MiOiJjb25uZWN0Iiwic2NvcGUiOiIiLCJhdXRoX3BhcmFtcyI6IiJ9LCI0ck9BTkFzakt6V0oiXX0=','2015-07-03 21:25:41'),('hlg6dukqvw8pdxppcb8ulle7flmenhab','ZmI0MTkzNzBiMWYyZjg2NmRmY2ZiNWE0ZGIwMGYyMDJhZDIzODk1MTp7Il9hdXRoX3VzZXJfaGFzaCI6ImZjOGNkZjc1N2EyYzg3ZDJhZjVlYzlkYWE2NDAyNTMyOTMyYTA2YjAiLCJfYXV0aF91c2VyX2JhY2tlbmQiOiJkamFuZ28uY29udHJpYi5hdXRoLmJhY2tlbmRzLk1vZGVsQmFja2VuZCIsIl9hdXRoX3VzZXJfaWQiOjQxfQ==','2015-06-28 13:05:57'),('hmy46bn43ke1en19gxlp8hdcu1pl16lj','ODNhMThmOGQ4NzExMDUzZDlkZGJjOTM4Yzg3ZTA1YTBjY2QyM2NkNDp7InNvY2lhbGFjY291bnRfc3RhdGUiOlt7InByb2Nlc3MiOiJsb2dpbiIsInNjb3BlIjoiIiwiYXV0aF9wYXJhbXMiOiIifSwiVUZvQmFhb21pMVlMIl19','2015-07-12 07:11:58'),('hwy7mjve033cm2ujed5h4brvtymd45m2','NzA3YTA1NzU4ODAwYTI4ZWRhOTc5YzY4NjM4NjU4MzYyY2Y3NDc1Zjp7Il9hdXRoX3VzZXJfaGFzaCI6ImZjOGNkZjc1N2EyYzg3ZDJhZjVlYzlkYWE2NDAyNTMyOTMyYTA2YjAiLCJfYXV0aF91c2VyX2JhY2tlbmQiOiJkamFuZ28uY29udHJpYi5hdXRoLmJhY2tlbmRzLk1vZGVsQmFja2VuZCIsIl9hdXRoX3VzZXJfaWQiOjU0fQ==','2015-07-21 17:05:46'),('i2e80kmpd8rl1c7b02p3ioyswea2gb62','YTcwMTFhZmNlMzE3NzI0N2ZjNjhmZjUwNDViYjNhYTEwMGQyMzc1Zjp7InNvY2lhbGFjY291bnRfc3RhdGUiOlt7InByb2Nlc3MiOiJsb2dpbiIsInNjb3BlIjoiIiwiYXV0aF9wYXJhbXMiOiIifSwiTjZDTUx3bjhYdWtpIl19','2015-07-01 10:21:45'),('i3sjr7mlcj8vjp6g3gppv99yti84s4cd','NGVhOTEwMjViNjI3N2EyMDQ1ZDFiNzI0ZmJjMDg0ODg1ZTk0NDkzYTp7Im9hdXRoX2FwaS5saW5rZWRpbi5jb21fcmVxdWVzdF90b2tlbiI6eyJvYXV0aF90b2tlbl9zZWNyZXQiOiJlNGM5MTcyOC05N2RiLTQ0MWMtYjBlZi0yN2UzZTU4YTkyMGUiLCJvYXV0aF90b2tlbiI6Ijc3LS03MWEzODk5Zi0wNTEzLTRlOWItYjUwMy1iZGFlNzcyMDExYTEiLCJ4b2F1dGhfcmVxdWVzdF9hdXRoX3VybCI6Imh0dHBzOi8vYXBpLmxpbmtlZGluLmNvbS91YXMvb2F1dGgvYXV0aG9yaXplIiwib2F1dGhfZXhwaXJlc19pbiI6IjU5OSIsIm9hdXRoX2NhbGxiYWNrX2NvbmZpcm1lZCI6InRydWUifSwic29jaWFsYWNjb3VudF9zdGF0ZSI6W3sicHJvY2VzcyI6ImxvZ2luIiwic2NvcGUiOiIiLCJhdXRoX3BhcmFtcyI6IiJ9LCJycVdTMnFkcHZqbGgiXX0=','2015-07-25 08:51:04'),('i4mxv1kj7ynt9waz8ral668py2zhbxy9','YmNlOGQ1MzM1OTdmYWY5ODc3ZTg3YzZlMjY0YjRmOTJlNjcyZTFjNjp7InNvY2lhbGFjY291bnRfc3RhdGUiOlt7InByb2Nlc3MiOiJsb2dpbiIsInNjb3BlIjoiIiwiYXV0aF9wYXJhbXMiOiIifSwiWkpXYU0xYndXT0pTIl19','2015-07-11 13:44:49'),('i4q1lr7m92ecyz73bc7u64fsfq9l3l0d','M2I1MDU1YzcyNTlkYjQ2NGRlY2NmM2I3NGJhMzk0NWYwNTIyMjBjMjp7Im9hdXRoX2FwaS5saW5rZWRpbi5jb21fcmVxdWVzdF90b2tlbiI6eyJvYXV0aF90b2tlbl9zZWNyZXQiOiIzYzk0NDRkMy1hYjVjLTRhZDQtOTNkYy04YWQ5NWNmNTgxYTciLCJvYXV0aF90b2tlbiI6Ijc3LS1jNzU5YWYxNS04YmE0LTRhZjYtYmUzZi0wYjE2ZTMzY2Q0Y2IiLCJ4b2F1dGhfcmVxdWVzdF9hdXRoX3VybCI6Imh0dHBzOi8vYXBpLmxpbmtlZGluLmNvbS91YXMvb2F1dGgvYXV0aG9yaXplIiwib2F1dGhfZXhwaXJlc19pbiI6IjU5OSIsIm9hdXRoX2NhbGxiYWNrX2NvbmZpcm1lZCI6InRydWUifSwic29jaWFsYWNjb3VudF9zdGF0ZSI6W3sicHJvY2VzcyI6ImNvbm5lY3QiLCJzY29wZSI6IiIsImF1dGhfcGFyYW1zIjoiIn0sIlQ0Uk5ZRGQ4T2RMTSJdfQ==','2015-07-02 02:41:54'),('i5fm614mvmn6jc5029zyhfjbr361w311','MTY0MDg4ODQ0MjU1MjFmZmZmZWU5NDI3YTJjZDllYWQzYTQyZmZjZDp7InNvY2lhbGFjY291bnRfc3RhdGUiOlt7InByb2Nlc3MiOiJjb25uZWN0Iiwic2NvcGUiOiIiLCJhdXRoX3BhcmFtcyI6IiJ9LCJJYXVaeW1NNWgzTUgiXX0=','2015-07-22 14:05:59'),('i7avmrqw1f9ea56yhvfp2khfism6ohvv','NWViMjhlODFjYTlkZDY4OTdhNGJkZmI3NWZhOGFkNGFiMDk0ZjBkZTp7fQ==','2015-06-07 22:24:42'),('id8ushueoxp4rtfuphfxlm0steaw63ct','MjU0YWQxNDUwYzBmNDEwMmFhNGUxYTgzOGFjMGI1MzhlNDFmY2YwNTp7InNvY2lhbGFjY291bnRfc3RhdGUiOlt7InByb2Nlc3MiOiJsb2dpbiIsInNjb3BlIjoiIiwiYXV0aF9wYXJhbXMiOiIiLCJuZXh0IjoiL3VzZXIvIn0sIjB4Y3VNbUxEaXg3VSJdfQ==','2015-05-24 20:55:19'),('il7qj3kbqzxqinc33dxxg2w2wsbru7bm','MDczOTQ1MjFmYTk4MDQ0ZDEyM2ZmZTE4NmZmNTFkMjczYzNmZTQ4Zjp7InNvY2lhbGFjY291bnRfc3RhdGUiOlt7InByb2Nlc3MiOiJsb2dpbiIsInNjb3BlIjoiIiwiYXV0aF9wYXJhbXMiOiIifSwiUk9TblJtOWRNWTV6Il19','2015-06-01 00:09:41'),('j9ny5dcbvlhvf5cp0buontgj1suiw0iy','MGNhZmNmOGQ4YmY4Nzc2NzEwMzMyN2ViMjY3ODgxMGIzZDJmYmJmYTp7InNvY2lhbGFjY291bnRfc3RhdGUiOlt7InByb2Nlc3MiOiJsb2dpbiIsInNjb3BlIjoiIiwiYXV0aF9wYXJhbXMiOiIifSwiTXFaZENpYnpIQ1l2Il19','2015-07-25 08:51:05'),('jfrr23tbl6ym20rf5fjwy32o39uexilx','MWY1MWM5ODU1ZjI4NmQ5ZjZjOGExNjc5ODI2ZTMwMGVmN2I0NmQyODp7InNvY2lhbGFjY291bnRfc3RhdGUiOlt7InByb2Nlc3MiOiJsb2dpbiIsInNjb3BlIjoiIiwiYXV0aF9wYXJhbXMiOiIifSwiU2hTUTNaQkk1b0pDIl19','2015-07-03 16:37:48'),('jgfmide5hycqmfun7jep9d3tbvoo9fwt','MTU4ZTE2MGE0NjE4ZTEwNGQwOWFhMWU2OGUwNmFkYTA4ZGUyNDU2Zjp7Im9hdXRoX2FwaS5saW5rZWRpbi5jb21fcmVxdWVzdF90b2tlbiI6eyJvYXV0aF90b2tlbl9zZWNyZXQiOiI4N2QwYmZmYS0wNzcxLTRjNDYtODk1Mi0xOGJkMmQyYmY2ZjMiLCJvYXV0aF90b2tlbiI6Ijc3LS03OTFhNjMxMi0wNTQ3LTQyMjUtYThmMS1jYjVhOTU3MzU5YmIiLCJ4b2F1dGhfcmVxdWVzdF9hdXRoX3VybCI6Imh0dHBzOi8vYXBpLmxpbmtlZGluLmNvbS91YXMvb2F1dGgvYXV0aG9yaXplIiwib2F1dGhfZXhwaXJlc19pbiI6IjU5OSIsIm9hdXRoX2NhbGxiYWNrX2NvbmZpcm1lZCI6InRydWUifSwic29jaWFsYWNjb3VudF9zdGF0ZSI6W3sicHJvY2VzcyI6ImxvZ2luIiwic2NvcGUiOiIiLCJhdXRoX3BhcmFtcyI6IiJ9LCJETjA5Q2xyS25CemciXX0=','2015-07-03 01:15:37'),('jid2o5321tvoahwxiexoj5oadlagq4g5','Zjc2ODAwNTU5MjZiZDQ5NmMxN2FjMjgxYzYzODdhOGI4OGIxMGI0MDp7InNvY2lhbGFjY291bnRfc3RhdGUiOlt7InByb2Nlc3MiOiJsb2dpbiIsInNjb3BlIjoiIiwiYXV0aF9wYXJhbXMiOiIifSwiaFpCUVFzWmF3SWFuIl19','2015-06-03 09:36:24'),('jk0bnp7nfukkybba9jg61ov13sbqibed','YWE3ZTk1NWQyN2NhNGFkYTdmMzlkY2FkMTVhMDIzMDM4MWVhNzY2Njp7Il9hdXRoX3VzZXJfaGFzaCI6ImJmMmYwY2IxYTRhOTZlMDQzZWMzZmM4OTc0ZDQ0N2Y0NDE5OWY5OTMiLCJfYXV0aF91c2VyX2JhY2tlbmQiOiJkamFuZ28uY29udHJpYi5hdXRoLmJhY2tlbmRzLk1vZGVsQmFja2VuZCIsIl9hdXRoX3VzZXJfaWQiOjM0fQ==','2015-07-26 09:48:49'),('jtkms2edh1s6plo9d0w1w9lkk5dpphvu','YmMwMDM2YjAwODZiNzgwYjlkOTgxNjUxMjMyMGQzM2Y2MDUzMmFlODp7InNvY2lhbGFjY291bnRfc3RhdGUiOlt7InByb2Nlc3MiOiJsb2dpbiIsInNjb3BlIjoiIiwiYXV0aF9wYXJhbXMiOiIifSwiS3FScW92QkNsQ2lqIl19','2015-07-15 09:08:52'),('jvv4w05hzfs4qgfh90556v1zpqf6rhma','NWViMjhlODFjYTlkZDY4OTdhNGJkZmI3NWZhOGFkNGFiMDk0ZjBkZTp7fQ==','2015-07-04 17:33:16'),('jw9kl6xb9m63ppvkq375ug0cyzfcnpii','N2RlZjJhYjYyMTFhMDAwOGQ5ZGYzY2I0YjVmNzFhOWMxZTM2MjA0Yzp7InNvY2lhbGFjY291bnRfc3RhdGUiOlt7InByb2Nlc3MiOiJjb25uZWN0P3Byb2Nlc3M9Y29ubmVjdCIsInNjb3BlIjoiIiwiYXV0aF9wYXJhbXMiOiIifSwidGx4YVQ1VHFWYUZuIl19','2015-07-16 07:46:32'),('k1uuf3vlbwqebinczeycnrf1mfwbhnq6','NmEwOTZiMzFmNGM3MTAyNGRkYjVlNjljMzI3ZTM3NDhiNDdlY2U1Yjp7Im9hdXRoX2FwaS5saW5rZWRpbi5jb21fcmVxdWVzdF90b2tlbiI6eyJvYXV0aF90b2tlbl9zZWNyZXQiOiJlYTk5ZGRhZS1iYzk1LTQwMTEtODFhNS0yZDY5NDliYjQwMzIiLCJvYXV0aF90b2tlbiI6Ijc3LS0xMTIyY2MzYy0wMTc0LTQxOTctODFiMS1kZGI0MzA2YTEwOGQiLCJ4b2F1dGhfcmVxdWVzdF9hdXRoX3VybCI6Imh0dHBzOi8vYXBpLmxpbmtlZGluLmNvbS91YXMvb2F1dGgvYXV0aG9yaXplIiwib2F1dGhfZXhwaXJlc19pbiI6IjU5OSIsIm9hdXRoX2NhbGxiYWNrX2NvbmZpcm1lZCI6InRydWUifSwic29jaWFsYWNjb3VudF9zdGF0ZSI6W3sicHJvY2VzcyI6ImNvbm5lY3QiLCJzY29wZSI6IiIsImF1dGhfcGFyYW1zIjoiIn0sIlBUUktUM2hOaVBlUyJdfQ==','2015-07-11 08:51:31'),('k67eqnfxvhhk1lpamkb61p7y4s4bszyc','NGFjZmU0ODdkZGE1MjUwODEyNzU5ZjA2Mzg0NzU2ZDFhZWMxNWEzYjp7Il9hdXRoX3VzZXJfaGFzaCI6IjViYmU1YzQ2MDJiY2RiNzc5NzA4Njk0ZDFhZGI0ZmU4YWIzMzgwMTYiLCJfYXV0aF91c2VyX2JhY2tlbmQiOiJkamFuZ28uY29udHJpYi5hdXRoLmJhY2tlbmRzLk1vZGVsQmFja2VuZCIsIl9hdXRoX3VzZXJfaWQiOjF9','2015-06-13 13:32:41'),('k6ylmmjk4qjshahcgoe4q3s8v77fcfsx','YWE3ZTk1NWQyN2NhNGFkYTdmMzlkY2FkMTVhMDIzMDM4MWVhNzY2Njp7Il9hdXRoX3VzZXJfaGFzaCI6ImJmMmYwY2IxYTRhOTZlMDQzZWMzZmM4OTc0ZDQ0N2Y0NDE5OWY5OTMiLCJfYXV0aF91c2VyX2JhY2tlbmQiOiJkamFuZ28uY29udHJpYi5hdXRoLmJhY2tlbmRzLk1vZGVsQmFja2VuZCIsIl9hdXRoX3VzZXJfaWQiOjM0fQ==','2015-06-30 17:50:33'),('k7nvs0yrek8tl9y3ccu1ui602c1yxjre','ZmNhMTg4ZTE2Mjk1NTZhOGU5YWQ2Zjc3OWUwZGQxZjg2MTgyMTcwNDp7InNvY2lhbGFjY291bnRfc3RhdGUiOlt7InByb2Nlc3MiOiJsb2dpbiIsInNjb3BlIjoiIiwiYXV0aF9wYXJhbXMiOiIifSwid2wxV1Q2blExM2ZDIl19','2015-06-03 03:53:55'),('kdkimnnkhr7t9477ywc1n67t6d91dssz','NzA2ZDRkODA1NmU5YmM4YzVlNGY0YzU4MjFhZTM4MjBjYjAzYjcyODp7Im9hdXRoX2FwaS5saW5rZWRpbi5jb21fYWNjZXNzX3Rva2VuIjp7Im9hdXRoX3Rva2VuX3NlY3JldCI6Ijc4MDIyMzAxLWZiYjgtNGUyMi1iNTA5LWQ3NzkwN2QzNjJlYSIsIm9hdXRoX2F1dGhvcml6YXRpb25fZXhwaXJlc19pbiI6IjUxODM5OTgiLCJvYXV0aF90b2tlbiI6IjFjNGMzNTY2LTFmMTktNGY4MC05MjAzLTE2MDk5N2I1ZTNkNCIsIm9hdXRoX2V4cGlyZXNfaW4iOiI1MTgzOTk4In0sIl9hdXRoX3VzZXJfaWQiOjUwLCJfYXV0aF91c2VyX2JhY2tlbmQiOiJhbGxhdXRoLmFjY291bnQuYXV0aF9iYWNrZW5kcy5BdXRoZW50aWNhdGlvbkJhY2tlbmQiLCJhY2NvdW50X3ZlcmlmaWVkX2VtYWlsIjpudWxsLCJfYXV0aF91c2VyX2hhc2giOiJlZTk1OTc5NGU4MGRlMTFmZjMxNmI3OGIwOTQ5YzAyN2I1NzE3MTVkIiwib2F1dGhfYXBpLmxpbmtlZGluLmNvbV9yZXF1ZXN0X3Rva2VuIjp7Im9hdXRoX3Rva2VuX3NlY3JldCI6IjZhOTA2ODFlLWE3NDgtNDYzYi05YmUyLTMwNjM3YjJlYWUzYyIsIm9hdXRoX3Rva2VuIjoiNzctLWI1YzdmYWJiLTMwMTItNGJkMC1iMzMxLTYwYjExNDAwMWZhNiIsInhvYXV0aF9yZXF1ZXN0X2F1dGhfdXJsIjoiaHR0cHM6Ly9hcGkubGlua2VkaW4uY29tL3Vhcy9vYXV0aC9hdXRob3JpemUiLCJvYXV0aF9leHBpcmVzX2luIjoiNTk5Iiwib2F1dGhfY2FsbGJhY2tfY29uZmlybWVkIjoidHJ1ZSJ9fQ==','2015-07-08 20:25:46'),('klg2j63uvjv1ig5unwvo47z1j0368m74','YzBjODBmOTQ4ODU5ZjMwZWQ4ZTA3MzJmYjBmNjYwNjI2ODAwY2U2Yjp7InNvY2lhbGFjY291bnRfc3RhdGUiOlt7InByb2Nlc3MiOiJsb2dpbiIsInNjb3BlIjoiIiwiYXV0aF9wYXJhbXMiOiIifSwiVnJrVG5EeTh2Q1ltIl19','2015-06-15 14:20:57'),('kn7v2a8qxsnd4hmycqaicg71aeg2yypw','YTk5ZGY0OWE4YTVhOWM4NDU2ZjI3NTM4ZmE1OTUyOGU1ZGJmNzAzNjp7InNvY2lhbGFjY291bnRfc3RhdGUiOlt7InByb2Nlc3MiOiJjb25uZWN0Iiwic2NvcGUiOiIiLCJhdXRoX3BhcmFtcyI6IiJ9LCJHQTZKbGNaZmNuYnUiXX0=','2015-07-09 19:06:39'),('kyn976hz3xqf9gcibi2ggyxonjyz1icx','NGU4NTVmYmJlMzQ2NDU1NmM4OWUyZDM3NzI0ODUyNTg2MWU2ZWRkODp7InNvY2lhbGFjY291bnRfc3RhdGUiOlt7InByb2Nlc3MiOiJsb2dpbiIsInNjb3BlIjoiIiwiYXV0aF9wYXJhbXMiOiIifSwiZURVUWs0NlJTMUVZIl19','2015-06-10 23:07:04'),('l3gitjthj3j4emqnarqc8uypd0xhi7hb','ZTM1NTUyNmRhNDE2ODY0ZDYwM2Q1YjNkOWM0NDAzN2ZmZDNlYzVhMTp7InNvY2lhbGFjY291bnRfc3RhdGUiOlt7InByb2Nlc3MiOiJsb2dpbj9wcm9jZXNzPWxvZ2luIiwic2NvcGUiOiIiLCJhdXRoX3BhcmFtcyI6IiJ9LCJVdmdtZjRSM1REQzIiXX0=','2015-07-16 08:00:12'),('lbbeasm22zjepjdq0dcjmoz7gvwx3kaj','NzdlOTdlMGU5M2QyY2VlMWE3MGVjZDRkMjU3OTViY2Y1YjUzZDVjNDp7InNvY2lhbGFjY291bnRfc3RhdGUiOlt7InByb2Nlc3MiOiJsb2dpbiIsInNjb3BlIjoiIiwiYXV0aF9wYXJhbXMiOiIifSwid1c0cDIwMWxrcXpqIl19','2015-07-04 04:10:52'),('lmn1bs904k78fx3d24slxmo7rnh7v33j','MDliMmE0ZGQyNDAwMzBjNTFkZDk1OWVjZDAzNWQ3MjA2YmVjZjdlNTp7InNvY2lhbGFjY291bnRfc3RhdGUiOlt7InByb2Nlc3MiOiJsb2dpbiIsInNjb3BlIjoiIiwiYXV0aF9wYXJhbXMiOiIifSwibm5TSXNtYVVWdXlTIl19','2015-06-01 00:09:39'),('lsgifksbod28exm1jn5kvvvq30iptpl9','Y2MzNGE5MGM5YzBiZDljZjlmOWQ3Mjg2NDkwMGM5YmZkNmY2MmRlYzp7InNvY2lhbGFjY291bnRfc3RhdGUiOlt7InByb2Nlc3MiOiJjb25uZWN0Iiwic2NvcGUiOiIiLCJhdXRoX3BhcmFtcyI6IiJ9LCIyN21SYVhJbklaN2giXX0=','2015-07-01 10:22:11'),('lst3gsyiy6jmmlkyfv6hsdiigtph5io3','NGI4MTY4ZWU2MDYwZmE1ODM3ODNmY2M5ODM2OTIyOTJhOTc2NmE2ODp7Im9hdXRoX2FwaS5saW5rZWRpbi5jb21fcmVxdWVzdF90b2tlbiI6eyJvYXV0aF90b2tlbl9zZWNyZXQiOiJlNWE4YWU4Zi1jM2NkLTQwYjAtOWU1ZS0xZDM1ZWUwMDY0YWUiLCJvYXV0aF90b2tlbiI6Ijc3LS03YTM1YTliMS1iMDgxLTQ4YzktYmU3Ny0yMTc5ZWUwZGU4NmQiLCJ4b2F1dGhfcmVxdWVzdF9hdXRoX3VybCI6Imh0dHBzOi8vYXBpLmxpbmtlZGluLmNvbS91YXMvb2F1dGgvYXV0aG9yaXplIiwib2F1dGhfZXhwaXJlc19pbiI6IjU5OSIsIm9hdXRoX2NhbGxiYWNrX2NvbmZpcm1lZCI6InRydWUifSwic29jaWFsYWNjb3VudF9zdGF0ZSI6W3sicHJvY2VzcyI6ImNvbm5lY3QiLCJzY29wZSI6IiIsImF1dGhfcGFyYW1zIjoiIn0sIjdoTm5yRWtpYjZGayJdfQ==','2015-07-07 14:44:28'),('lwnibka2zpau3pnfe5eip0klunxho6ob','NGFjZmU0ODdkZGE1MjUwODEyNzU5ZjA2Mzg0NzU2ZDFhZWMxNWEzYjp7Il9hdXRoX3VzZXJfaGFzaCI6IjViYmU1YzQ2MDJiY2RiNzc5NzA4Njk0ZDFhZGI0ZmU4YWIzMzgwMTYiLCJfYXV0aF91c2VyX2JhY2tlbmQiOiJkamFuZ28uY29udHJpYi5hdXRoLmJhY2tlbmRzLk1vZGVsQmFja2VuZCIsIl9hdXRoX3VzZXJfaWQiOjF9','2015-07-22 02:45:44'),('lzde5rpvco72kj55strvltx0xukk9dri','MjYyOTBmYjEyYmYyMDAxMDA1MGQ1Yzg5YTZlOTFmMWFmY2QxZTQ5NDp7Im9hdXRoX2FwaS5saW5rZWRpbi5jb21fcmVxdWVzdF90b2tlbiI6eyJvYXV0aF90b2tlbl9zZWNyZXQiOiI1OTBmZWEzYi05YzM2LTQ3YTUtYWQxZC1iNjAxMTFiNzc3MDYiLCJvYXV0aF90b2tlbiI6Ijc3LS1hODJmNDk5Zi0xZDRkLTRlYTYtOTNkMC00MDRkYTFiZDFkMzQiLCJ4b2F1dGhfcmVxdWVzdF9hdXRoX3VybCI6Imh0dHBzOi8vYXBpLmxpbmtlZGluLmNvbS91YXMvb2F1dGgvYXV0aG9yaXplIiwib2F1dGhfZXhwaXJlc19pbiI6IjU5OSIsIm9hdXRoX2NhbGxiYWNrX2NvbmZpcm1lZCI6InRydWUifSwic29jaWFsYWNjb3VudF9zdGF0ZSI6W3sicHJvY2VzcyI6ImNvbm5lY3QiLCJzY29wZSI6IiIsImF1dGhfcGFyYW1zIjoiIn0sIkZEbTl3TmpUaTVzcSJdfQ==','2015-07-07 14:36:35'),('m419x50l7gnkyqiazw6jttaspdsb38qa','ODgwMmJlNWU4YjdiNGU3YTIzNjQ4YzRmNmM5OGEzYTg1YjBhZGY0NTp7Im9hdXRoX2FwaS5saW5rZWRpbi5jb21fcmVxdWVzdF90b2tlbiI6eyJvYXV0aF90b2tlbl9zZWNyZXQiOiI5M2QyNDc4MC1kNDgyLTQ2MTUtODg0ZC1lNDFiNDU5YmQ5NGYiLCJvYXV0aF90b2tlbiI6Ijc3LS05ZGFjOGE2ZS05M2JkLTQ3MDEtYjFhYi0xNWY3OGE4ZTE1YTkiLCJ4b2F1dGhfcmVxdWVzdF9hdXRoX3VybCI6Imh0dHBzOi8vYXBpLmxpbmtlZGluLmNvbS91YXMvb2F1dGgvYXV0aG9yaXplIiwib2F1dGhfZXhwaXJlc19pbiI6IjU5OSIsIm9hdXRoX2NhbGxiYWNrX2NvbmZpcm1lZCI6InRydWUifSwic29jaWFsYWNjb3VudF9zdGF0ZSI6W3sicHJvY2VzcyI6ImxvZ2luIiwic2NvcGUiOiIiLCJhdXRoX3BhcmFtcyI6IiJ9LCJHTkRBZ25yNzBiNnIiXX0=','2015-05-24 09:48:06'),('m4lxryry6f5uw0xda4lkanre2wgxxsps','YTFlMjNjYzNiM2RhZjY3ZTgzNTViM2RhMzkyOTU3ZThhYzVkNmFkODp7Il9hdXRoX3VzZXJfaGFzaCI6ImZjOGNkZjc1N2EyYzg3ZDJhZjVlYzlkYWE2NDAyNTMyOTMyYTA2YjAiLCJfYXV0aF91c2VyX2JhY2tlbmQiOiJkamFuZ28uY29udHJpYi5hdXRoLmJhY2tlbmRzLk1vZGVsQmFja2VuZCIsIl9hdXRoX3VzZXJfaWQiOjUyfQ==','2015-07-14 20:55:01'),('m8dlv3jlzbjozteky0n0i0m75mv7jzfr','YjBhYjM1YmJmZDUyMjZjYjJkOTYxMjJlZGM4MjBkMTE2MDRiNGI0Yzp7ImFsbGF1dGhfZmFjZWJvb2tfbm9uY2UiOiJUdEpDSzJ3eFViYVhqWksxRGNyNjJrUTZnOWlLazVnMiJ9','2015-07-22 01:34:42'),('m90ox2un6pxkoq3s7mirr908x7mg4gsg','MTRjODY3MzFhYzViZjRmYWVhMjVlOTlhNDUyZWQ3ZjY2NWNjNzVkNTp7InNvY2lhbGFjY291bnRfc3RhdGUiOlt7InByb2Nlc3MiOiJsb2dpbiIsInNjb3BlIjoiIiwiYXV0aF9wYXJhbXMiOiIifSwic1IwS1JZSGlFQ0xPIl19','2015-07-11 08:51:30'),('m93jdlgj52ly83rhtlkwwmqjufg4ccjz','NGY3MjgwYzEyNjFiNDYzYjRjYzcxZjY4ZWJhZWYyYzdkZGFjOTJlNDp7Il9hdXRoX3VzZXJfaGFzaCI6IjUxY2Y5MTY3NjNlOGRjNmY3MTM4ODg2ZWQ1NGJkZTIyZDliNTUyNmQiLCJfYXV0aF91c2VyX2lkIjo0LCJfYXV0aF91c2VyX2JhY2tlbmQiOiJhbGxhdXRoLmFjY291bnQuYXV0aF9iYWNrZW5kcy5BdXRoZW50aWNhdGlvbkJhY2tlbmQiLCJhY2NvdW50X3ZlcmlmaWVkX2VtYWlsIjpudWxsLCJvYXV0aF9hcGkubGlua2VkaW4uY29tX2FjY2Vzc190b2tlbiI6eyJvYXV0aF90b2tlbl9zZWNyZXQiOiJhOTRkNmQ4ZC05MGJhLTQyNjktOTlkNy0xODJkNWM5ZmIwNWYiLCJvYXV0aF9hdXRob3JpemF0aW9uX2V4cGlyZXNfaW4iOiI1MTgzOTg0Iiwib2F1dGhfdG9rZW4iOiJiY2Y1ZDI1Ny0yMjZmLTQzMmEtYTQ1NC02Njk3NzE4NWFmYmIiLCJvYXV0aF9leHBpcmVzX2luIjoiNTE4Mzk4NCJ9LCJvYXV0aF9hcGkubGlua2VkaW4uY29tX3JlcXVlc3RfdG9rZW4iOnsib2F1dGhfdG9rZW5fc2VjcmV0IjoiMjBkYzliZTUtYmRkMi00ZDhjLWEwZjAtODUxY2U3NDU3MWFhIiwib2F1dGhfdG9rZW4iOiI3Ny0tYzM4YjUxOTYtYTJjYS00MTc0LWE2NzYtMGEyOTU0NDMzMzAxIiwieG9hdXRoX3JlcXVlc3RfYXV0aF91cmwiOiJodHRwczovL2FwaS5saW5rZWRpbi5jb20vdWFzL29hdXRoL2F1dGhvcml6ZSIsIm9hdXRoX2V4cGlyZXNfaW4iOiI1OTkiLCJvYXV0aF9jYWxsYmFja19jb25maXJtZWQiOiJ0cnVlIn19','2015-05-24 04:41:18'),('md1jfq694d8bhv4kti1digjvvu13k8bc','N2M5MWNiOTNkNzFmYTVmMjNkNWFiZThmZmRlZDY2YjNhYTM1YTRjODp7InNvY2lhbGFjY291bnRfc3RhdGUiOlt7InByb2Nlc3MiOiJjb25uZWN0Iiwic2NvcGUiOiIiLCJhdXRoX3BhcmFtcyI6IiJ9LCJQSXpjTGN0NTV0dFciXX0=','2015-07-02 14:06:55'),('miil6czow5n9vflsn1ce4b2f0f3azgv4','NGY4MDU3YTIzNzY1ZDcyNDEwYTEwMzE1Y2QyYmMzYTExM2FjMzUyZjp7InNvY2lhbGFjY291bnRfc3RhdGUiOlt7InByb2Nlc3MiOiJjb25uZWN0Iiwic2NvcGUiOiIiLCJhdXRoX3BhcmFtcyI6IiJ9LCJRQVJnNDR0aGQ2c3giXX0=','2015-07-03 20:28:34'),('moqt58pokjdksr0omw3vli9uppcra7ia','ZmJmNDkxNmViYzRkNTMyN2YzZTQ5ZGQ4OWFjZmE4NzlkMDMzN2Y0ODp7InNvY2lhbGFjY291bnRfc3RhdGUiOlt7InByb2Nlc3MiOiJjb25uZWN0Iiwic2NvcGUiOiIiLCJhdXRoX3BhcmFtcyI6IiJ9LCJzNjF6WDhhWlNrd0YiXX0=','2015-07-16 07:52:42'),('mxenaabkks5me5izxnjbvog7k87ob19f','MzE3ZjE4NTAzZjViNTY3ODQyY2Q4MDlkZTBiODI1ZTRmMTJhZjViMjp7Il9hdXRoX3VzZXJfaGFzaCI6IjY1M2Q5Y2ZlNzdmMWY1NzU2ZWU1YWEwZTFmNTcxNGE3YWMzYjc3NzQiLCJfYXV0aF91c2VyX2lkIjozOSwiX2F1dGhfdXNlcl9iYWNrZW5kIjoiYWxsYXV0aC5hY2NvdW50LmF1dGhfYmFja2VuZHMuQXV0aGVudGljYXRpb25CYWNrZW5kIiwiYWNjb3VudF92ZXJpZmllZF9lbWFpbCI6bnVsbCwib2F1dGhfYXBpLmxpbmtlZGluLmNvbV9hY2Nlc3NfdG9rZW4iOnsib2F1dGhfdG9rZW5fc2VjcmV0IjoiMDQ3YWRlOTQtODJmMC00YmU3LTk3ODMtOGVlOTNjMDdhZGYwIiwib2F1dGhfYXV0aG9yaXphdGlvbl9leHBpcmVzX2luIjoiNTE4Mzk5NyIsIm9hdXRoX3Rva2VuIjoiYWRmZTU2YzMtNTE2Yi00ZDdmLWExYTYtNzAyNDFiOTA4NmMyIiwib2F1dGhfZXhwaXJlc19pbiI6IjUxODM5OTcifSwib2F1dGhfYXBpLmxpbmtlZGluLmNvbV9yZXF1ZXN0X3Rva2VuIjp7Im9hdXRoX3Rva2VuX3NlY3JldCI6Ijc0M2QxNWI2LWEwOTItNGRmMC1iNDdjLTMxMjg2MGQ3Zjg2OCIsIm9hdXRoX3Rva2VuIjoiNzctLTc2M2FkODAxLTdjMDgtNDgzNy04YWI2LTgwYjI1YjVhOWZhMiIsInhvYXV0aF9yZXF1ZXN0X2F1dGhfdXJsIjoiaHR0cHM6Ly9hcGkubGlua2VkaW4uY29tL3Vhcy9vYXV0aC9hdXRob3JpemUiLCJvYXV0aF9leHBpcmVzX2luIjoiNTk5Iiwib2F1dGhfY2FsbGJhY2tfY29uZmlybWVkIjoidHJ1ZSJ9fQ==','2015-06-21 17:13:34'),('mxonidvnaf0kzhfhi4kt9wymmo0d0vmm','YjViMmEzMTdjMzUyYmZlZjFiMWM2ODQ0YzZiOTc1MzUwYWU1ODlhMzp7Il9hdXRoX3VzZXJfaGFzaCI6IjZmMjczN2Q1NzM0MDE4ODlkNmI5NzcwNDQ1NDJjZTgxZmVjNWY3ZDMiLCJfYXV0aF91c2VyX2JhY2tlbmQiOiJkamFuZ28uY29udHJpYi5hdXRoLmJhY2tlbmRzLk1vZGVsQmFja2VuZCIsIl9hdXRoX3VzZXJfaWQiOjQxfQ==','2015-06-29 13:55:10'),('my3xk2e4dgo8j2vh08xcp3a4gq3b67hw','NDM5MGJjNWViMmMyNTFlYTEwOWQyYTEzNjQ2ZmQ1NzczZTJjMmQ4Nzp7InNvY2lhbGFjY291bnRfc3RhdGUiOlt7InByb2Nlc3MiOiJsb2dpbiIsInNjb3BlIjoiIiwiYXV0aF9wYXJhbXMiOiIifSwibElGYkxLUkhHMHhuIl19','2015-07-06 15:40:23'),('mz7coiwn7pvo3d6om4x3byfgqcwnlftg','YjY0NWM1ZjIwMWI4YzM2YjFlYmE1YWVmY2Y2ZmZmOGM2Nzg4NDNhODp7ImFsbGF1dGhfZmFjZWJvb2tfbm9uY2UiOiJ5NzRsUE1jcnpBUkZPUjZYMFZGdzUwUTJZN01rRmgzMCIsInNvY2lhbGFjY291bnRfc3RhdGUiOlt7InByb2Nlc3MiOiJsb2dpbiIsInNjb3BlIjoiIiwiYXV0aF9wYXJhbXMiOiIifSwiUWlCbWtsZkJ2N3hqIl19','2015-06-13 13:23:05'),('n1lqzsqmupr0ytb4nizmjx97l8ua3yli','Mzk1ZTc5ZjY4N2Q2NmE3MGYwMjc4ZmNjZDBlZDAwMDhhNGYxMTA1Njp7Il9hdXRoX3VzZXJfaGFzaCI6IjJiNTg0NDQxOTM5NWNiMDY2NzBiZGQzMjQ2Yjc5NTFhYjFlYzhkOTYiLCJfYXV0aF91c2VyX2JhY2tlbmQiOiJkamFuZ28uY29udHJpYi5hdXRoLmJhY2tlbmRzLk1vZGVsQmFja2VuZCIsIl9hdXRoX3VzZXJfaWQiOjU4fQ==','2015-07-26 06:05:23'),('ndtwkzdm1edbriw959nvubunydu2r9ty','ZDBiNzY2M2ZmOTM0OTMyZTk1NDJiMGViYjAzMjhhMjMzMjM0OTczMDp7InNvY2lhbGFjY291bnRfc3RhdGUiOlt7InByb2Nlc3MiOiJsb2dpbiIsInNjb3BlIjoiIiwiYXV0aF9wYXJhbXMiOiIiLCJuZXh0IjoiL3VzZXIvIn0sIk5oem4yQUFEcGllYSJdfQ==','2015-06-01 00:09:29'),('ngdr1rathj51wl84hcnami0qjt65qc0y','MzAwOWM2ZWMwZWEyZDkxYzJlZTVkMTA2NDQyYWJjYmEyMjEzYTAxYjp7ImFsbGF1dGhfZmFjZWJvb2tfbm9uY2UiOiJrdkdrcUlraVFpVHFoTlN0cTVpWVlEd0pDeTdBZTZhaCJ9','2015-05-27 12:38:22'),('nhdf99tlldcbeo8wdfk7rvmhqlprtyun','MmI5MmRlODFmYTEyZGUxMzNjYWU2Nzc0ZTlkOTBmNzNiM2Q3MGEyMTp7Im9hdXRoX2FwaS5saW5rZWRpbi5jb21fcmVxdWVzdF90b2tlbiI6eyJvYXV0aF90b2tlbl9zZWNyZXQiOiJkNjExZjk1OS01ZWE5LTQzYjAtYWM3NS1lYWE3YTljMzJiZmQiLCJvYXV0aF90b2tlbiI6Ijc3LS05YTAzNjgzNy04MDViLTRjNjItOWViYy02OGIxZjczNzhlOTUiLCJ4b2F1dGhfcmVxdWVzdF9hdXRoX3VybCI6Imh0dHBzOi8vYXBpLmxpbmtlZGluLmNvbS91YXMvb2F1dGgvYXV0aG9yaXplIiwib2F1dGhfZXhwaXJlc19pbiI6IjU5OSIsIm9hdXRoX2NhbGxiYWNrX2NvbmZpcm1lZCI6InRydWUifSwic29jaWFsYWNjb3VudF9zdGF0ZSI6W3sicHJvY2VzcyI6ImxvZ2luIiwic2NvcGUiOiIiLCJhdXRoX3BhcmFtcyI6IiJ9LCIzamZBd0xEeXZTYnkiXX0=','2015-07-13 10:20:55'),('nhpef974lp02m6y61vvi14i7tdr9llgd','YWE3ZTk1NWQyN2NhNGFkYTdmMzlkY2FkMTVhMDIzMDM4MWVhNzY2Njp7Il9hdXRoX3VzZXJfaGFzaCI6ImJmMmYwY2IxYTRhOTZlMDQzZWMzZmM4OTc0ZDQ0N2Y0NDE5OWY5OTMiLCJfYXV0aF91c2VyX2JhY2tlbmQiOiJkamFuZ28uY29udHJpYi5hdXRoLmJhY2tlbmRzLk1vZGVsQmFja2VuZCIsIl9hdXRoX3VzZXJfaWQiOjM0fQ==','2015-06-13 13:32:07'),('nhvnlevaonjqpk606hyflx3e5ci281oa','NWViMjhlODFjYTlkZDY4OTdhNGJkZmI3NWZhOGFkNGFiMDk0ZjBkZTp7fQ==','2015-06-30 09:36:03'),('nlauc1cn84x711h0pqt2qgpa5ozsw6gu','NzgxODE1ZmI3NWVlZWM4YzhjOWY1ZDc4OTZhZmRmMzBlZGJhMmFjZDp7Im9hdXRoX2FwaS5saW5rZWRpbi5jb21fcmVxdWVzdF90b2tlbiI6eyJvYXV0aF90b2tlbl9zZWNyZXQiOiJlM2UyMGY4Ny0wNDViLTQ2YmEtYmUyNy1iMDAzNDY2Mzk1MDciLCJvYXV0aF90b2tlbiI6Ijc3LS1iYjgwOGY5Yy1lMWMzLTQzOTItYmE3ZC04YjQ3YWVjMWQ3NzkiLCJ4b2F1dGhfcmVxdWVzdF9hdXRoX3VybCI6Imh0dHBzOi8vYXBpLmxpbmtlZGluLmNvbS91YXMvb2F1dGgvYXV0aG9yaXplIiwib2F1dGhfZXhwaXJlc19pbiI6IjU5OSIsIm9hdXRoX2NhbGxiYWNrX2NvbmZpcm1lZCI6InRydWUifSwic29jaWFsYWNjb3VudF9zdGF0ZSI6W3sicHJvY2VzcyI6ImxvZ2luIiwic2NvcGUiOiIiLCJhdXRoX3BhcmFtcyI6IiJ9LCI5a1NlWVRiekhPb0kiXX0=','2015-07-03 18:32:55'),('np7iga7097z0sg7ei2uekvzknltw3jok','MjMzZTY2MjIyZDdlZTY4OWZiNDFiYzllNTgxNzQ5YmIzYzdiOTYwYjp7InNvY2lhbGFjY291bnRfc3RhdGUiOlt7InByb2Nlc3MiOiJsb2dpbiIsInNjb3BlIjoiIiwiYXV0aF9wYXJhbXMiOiIifSwiTDFPbzVZdmhWQkhOIl19','2015-07-03 19:02:21'),('nvpi9ve9569c6s77pcezmemvizeae3sh','OTVmMTkzMzRmMzJlN2Y3Y2UwZGI5MTAwYzdlMGFkZDk0ZjBhMGY4ZTp7Im9hdXRoX2FwaS5saW5rZWRpbi5jb21fcmVxdWVzdF90b2tlbiI6eyJvYXV0aF90b2tlbl9zZWNyZXQiOiI0NDg4M2ZhNC1mODUzLTQ3NTItOWRhNS01N2IwNjIyOTc5ZmIiLCJvYXV0aF90b2tlbiI6Ijc3LS1kZTRkOTMzZC04YjNkLTQ5MzYtYjZkZS1lNzMyNjM1ZGMxMjQiLCJ4b2F1dGhfcmVxdWVzdF9hdXRoX3VybCI6Imh0dHBzOi8vYXBpLmxpbmtlZGluLmNvbS91YXMvb2F1dGgvYXV0aG9yaXplIiwib2F1dGhfZXhwaXJlc19pbiI6IjU5OSIsIm9hdXRoX2NhbGxiYWNrX2NvbmZpcm1lZCI6InRydWUifSwic29jaWFsYWNjb3VudF9zdGF0ZSI6W3sicHJvY2VzcyI6ImxvZ2luIiwic2NvcGUiOiIiLCJhdXRoX3BhcmFtcyI6IiJ9LCJUQmZlM0FLRlBaTTIiXX0=','2015-05-24 20:55:20'),('nxpjb5hh0slv7epwjho9gprl67qxlhlj','MzBkZjg1NzVkZjYwOGRlMjY5NTYwZDBlNDkwMzZmMGUwZDc5ZTJjOTp7InNvY2lhbGFjY291bnRfc3RhdGUiOlt7InByb2Nlc3MiOiJsb2dpbiIsInNjb3BlIjoiIiwiYXV0aF9wYXJhbXMiOiIifSwiQmY0RDdWRjBZVUNzIl19','2015-06-02 21:09:41'),('o3641w0elzvfmxnushjuyujuuaqm5hfp','MDg4ZTljYjM4ZTlmNWU1ZTZmYTBlNmEzNjM1NjM3MDg5NzUyZGRlZjp7InNvY2lhbGFjY291bnRfc3RhdGUiOlt7InByb2Nlc3MiOiJsb2dpbiIsInNjb3BlIjoiIiwiYXV0aF9wYXJhbXMiOiIifSwiNXpDVXFLWEU3bmswIl19','2015-07-04 08:51:15'),('obbjcbt93399ny5y32l3dr16jez35k1e','NGFjZmU0ODdkZGE1MjUwODEyNzU5ZjA2Mzg0NzU2ZDFhZWMxNWEzYjp7Il9hdXRoX3VzZXJfaGFzaCI6IjViYmU1YzQ2MDJiY2RiNzc5NzA4Njk0ZDFhZGI0ZmU4YWIzMzgwMTYiLCJfYXV0aF91c2VyX2JhY2tlbmQiOiJkamFuZ28uY29udHJpYi5hdXRoLmJhY2tlbmRzLk1vZGVsQmFja2VuZCIsIl9hdXRoX3VzZXJfaWQiOjF9','2015-06-28 12:50:03'),('obocwey6ymzndrtnekaugqywfm1ytj6j','MzQ5MTYzMGQ0YjA2MjE3ZWU4ODZlYWFlNjZmZTNlYzhiZGI1MzI2Mzp7InNvY2lhbGFjY291bnRfc3RhdGUiOlt7InByb2Nlc3MiOiJjb25uZWN0Iiwic2NvcGUiOiIiLCJhdXRoX3BhcmFtcyI6IiJ9LCJCTDNodVNVeWE1b2wiXX0=','2015-07-04 20:45:31'),('ol5hefzaauwza2870qgmlnt42xb4ku1g','YTNkNGNjNWU3N2EwY2E5MThhNWQ1YjRkNDFiMTY2ZjIzZjRkZDQwNDp7Im9hdXRoX2FwaS5saW5rZWRpbi5jb21fcmVxdWVzdF90b2tlbiI6eyJvYXV0aF90b2tlbl9zZWNyZXQiOiI5NWNkNzMzMy1kZTUwLTQ4NDktYmU4Yi1mOWFlMGFmZGM3NDUiLCJvYXV0aF90b2tlbiI6Ijc3LS1mZjFiN2NmZC0wMWIzLTQ0ZmUtOTVlNy00YjA2OWI4MWQyZDEiLCJ4b2F1dGhfcmVxdWVzdF9hdXRoX3VybCI6Imh0dHBzOi8vYXBpLmxpbmtlZGluLmNvbS91YXMvb2F1dGgvYXV0aG9yaXplIiwib2F1dGhfZXhwaXJlc19pbiI6IjU5OSIsIm9hdXRoX2NhbGxiYWNrX2NvbmZpcm1lZCI6InRydWUifSwic29jaWFsYWNjb3VudF9zdGF0ZSI6W3sicHJvY2VzcyI6ImNvbm5lY3QiLCJzY29wZSI6IiIsImF1dGhfcGFyYW1zIjoiIn0sIm93VDhZMWZmb2dkMiJdfQ==','2015-07-25 08:51:06'),('ola9ha5aqs6osr1gmluz7gjykeharoz6','YjMxMGJiYjZmYzc1NmFiMTVhMjkwMTE5OTQzMWQ1OGNiYWI4YTY3ODp7Im9hdXRoX2FwaS5saW5rZWRpbi5jb21fcmVxdWVzdF90b2tlbiI6eyJvYXV0aF90b2tlbl9zZWNyZXQiOiI3MjVjNTc5NS1iODg5LTQyMDItYTNhZi0yODczNGQ5OTk1N2UiLCJvYXV0aF90b2tlbiI6Ijc3LS05YTJiOWMyZi1lNzAwLTQ5YzgtOTJkMS05OGQ3YzY3YWY2ZjEiLCJ4b2F1dGhfcmVxdWVzdF9hdXRoX3VybCI6Imh0dHBzOi8vYXBpLmxpbmtlZGluLmNvbS91YXMvb2F1dGgvYXV0aG9yaXplIiwib2F1dGhfZXhwaXJlc19pbiI6IjU5OSIsIm9hdXRoX2NhbGxiYWNrX2NvbmZpcm1lZCI6InRydWUifSwic29jaWFsYWNjb3VudF9zdGF0ZSI6W3sicHJvY2VzcyI6ImxvZ2luIiwic2NvcGUiOiIiLCJhdXRoX3BhcmFtcyI6IiJ9LCJoNjR3VE1TM1NzN0giXX0=','2015-07-07 14:36:35'),('omjltneu7c2rboegsu0k1e39l5s9eaaz','NmUyOGIzZGQ1ZTdmMDAwOTkzNGQ1MTFlZWMyNWQ0ZTBmZThkMWUyZDp7Il9hdXRoX3VzZXJfaGFzaCI6ImZjOGNkZjc1N2EyYzg3ZDJhZjVlYzlkYWE2NDAyNTMyOTMyYTA2YjAiLCJfYXV0aF91c2VyX2JhY2tlbmQiOiJkamFuZ28uY29udHJpYi5hdXRoLmJhY2tlbmRzLk1vZGVsQmFja2VuZCIsIl9hdXRoX3VzZXJfaWQiOjQ1LCJzb2NpYWxhY2NvdW50X3N0YXRlIjpbeyJwcm9jZXNzIjoiY29ubmVjdCIsInNjb3BlIjoiIiwiYXV0aF9wYXJhbXMiOiIifSwiaUNkaXg5ZjNjTzNuIl19','2015-07-02 15:04:43'),('omx6qtxsewpmxas94ycxly9cbhyanrvs','NDM0ZmFiYmMyMmVmMDhmODM2MzAyMDk2Y2MyMTlhZmVhMzE5NGY3NDp7InNvY2lhbGFjY291bnRfc3RhdGUiOlt7InByb2Nlc3MiOiJsb2dpbiIsInNjb3BlIjoiIiwiYXV0aF9wYXJhbXMiOiIifSwiakdoU3V1c3R2SGNHIl19','2015-07-04 20:44:26'),('owmjvd7ydpqg9kvbvqdtln7ef2vrfn79','MWUwZGRlYWVlNWY2ZGI3MzY5NGRiZmVkOTJiMTUzMDgxZDZkMjI2MDp7Il9hdXRoX3VzZXJfaGFzaCI6IjQxZDQ3ZjM3NmNlNGRkYzFkYzJhOTQ4MGM1YzgxZjk3NjMyNmJjYWUiLCJfYXV0aF91c2VyX2JhY2tlbmQiOiJhbGxhdXRoLmFjY291bnQuYXV0aF9iYWNrZW5kcy5BdXRoZW50aWNhdGlvbkJhY2tlbmQiLCJfYXV0aF91c2VyX2lkIjoyM30=','2015-06-07 22:25:00'),('ox7zyerc7lscs09tr5tm3f20h9t4qyma','ZGU0YjQyY2UxY2Y5NWE1NzVhNzQyNDZjNzBiMjMwN2QzYzFhZjBhNjp7InNvY2lhbGFjY291bnRfc3RhdGUiOlt7InByb2Nlc3MiOiJjb25uZWN0Iiwic2NvcGUiOiIiLCJhdXRoX3BhcmFtcyI6IiJ9LCJqc0x1Qk9oYUNJcnMiXX0=','2015-07-25 13:02:49'),('p6g8qczjodt7xgm1bvv4f7dmpxx570kv','NGFjZmU0ODdkZGE1MjUwODEyNzU5ZjA2Mzg0NzU2ZDFhZWMxNWEzYjp7Il9hdXRoX3VzZXJfaGFzaCI6IjViYmU1YzQ2MDJiY2RiNzc5NzA4Njk0ZDFhZGI0ZmU4YWIzMzgwMTYiLCJfYXV0aF91c2VyX2JhY2tlbmQiOiJkamFuZ28uY29udHJpYi5hdXRoLmJhY2tlbmRzLk1vZGVsQmFja2VuZCIsIl9hdXRoX3VzZXJfaWQiOjF9','2015-06-21 16:56:15'),('p8t5waq4zgivbbn5gd7vmy75ikejgj1g','ZmEzY2RiNjljNzI1NTc5OTE0MjIxZjc2MDcyYWVmZmY4MzVmMmVkMDp7Il9hdXRoX3VzZXJfaGFzaCI6IjRiM2FiOWUzZTU0YzhiZmZlYjFkMWVkOGZjOWI0OTg1NTc0NzNhZTYiLCJfYXV0aF91c2VyX2JhY2tlbmQiOiJhbGxhdXRoLmFjY291bnQuYXV0aF9iYWNrZW5kcy5BdXRoZW50aWNhdGlvbkJhY2tlbmQiLCJfYXV0aF91c2VyX2lkIjo1MywiYWNjb3VudF92ZXJpZmllZF9lbWFpbCI6bnVsbH0=','2015-07-20 18:42:26'),('pl238kl73vd6x792wuxxrue5pkh2kxlf','MmU1NjNhMWY5Yzg5NjAzNDJiNmI3OWI3YmFmNjIzYzVlMTZkZDA0MDp7Im9hdXRoX2FwaS5saW5rZWRpbi5jb21fcmVxdWVzdF90b2tlbiI6eyJvYXV0aF90b2tlbl9zZWNyZXQiOiI5ZGY3YTNkZi02OGQzLTQwZmQtODdhNy0yMWJhN2VlZDk4MTYiLCJvYXV0aF90b2tlbiI6Ijc3LS00ZjMwODlmMy0yNTgyLTRlZTktODFiNS04Y2Q5MzVkMjYxNDUiLCJ4b2F1dGhfcmVxdWVzdF9hdXRoX3VybCI6Imh0dHBzOi8vYXBpLmxpbmtlZGluLmNvbS91YXMvb2F1dGgvYXV0aG9yaXplIiwib2F1dGhfZXhwaXJlc19pbiI6IjU5OSIsIm9hdXRoX2NhbGxiYWNrX2NvbmZpcm1lZCI6InRydWUifSwic29jaWFsYWNjb3VudF9zdGF0ZSI6W3sicHJvY2VzcyI6ImNvbm5lY3QiLCJzY29wZSI6IiIsImF1dGhfcGFyYW1zIjoiIn0sIlhqU1dHNlY0aDFWUyJdfQ==','2015-07-03 19:02:21'),('po76d5f0mo57tyzpxrte99yaf04izc01','ZDdjNDA4YTBjZTVkYzNkMTI4ZTk3ZWVjY2IzOTEyYzBlODA1ZjY3YTp7InNvY2lhbGFjY291bnRfc3RhdGUiOlt7InByb2Nlc3MiOiJsb2dpbiIsInNjb3BlIjoiIiwiYXV0aF9wYXJhbXMiOiIifSwiSUQwU1pkSTR3Mm5oIl19','2015-07-12 07:11:58'),('ppcsgnk1rlz0jdy0wxgne7817a7ha9xd','NGFjZmU0ODdkZGE1MjUwODEyNzU5ZjA2Mzg0NzU2ZDFhZWMxNWEzYjp7Il9hdXRoX3VzZXJfaGFzaCI6IjViYmU1YzQ2MDJiY2RiNzc5NzA4Njk0ZDFhZGI0ZmU4YWIzMzgwMTYiLCJfYXV0aF91c2VyX2JhY2tlbmQiOiJkamFuZ28uY29udHJpYi5hdXRoLmJhY2tlbmRzLk1vZGVsQmFja2VuZCIsIl9hdXRoX3VzZXJfaWQiOjF9','2015-07-23 07:05:53'),('pstt98tj9f81qimwxat38uy25jjwyj4f','NjU5NGE4ZjA0MDMxMTQyYTkwZjVhNTBlOTQ5NWYyOGRjZDYzOGUwODp7Im9hdXRoX2FwaS5saW5rZWRpbi5jb21fcmVxdWVzdF90b2tlbiI6eyJvYXV0aF90b2tlbl9zZWNyZXQiOiJmMjMzNDYyZS1kMTdjLTQzNTAtOTNmNi0yMjczZDUxNTdhMTciLCJvYXV0aF90b2tlbiI6Ijc3LS1jZGU5ZDFmYy1lYWNhLTQ5NDAtOWQwMy0yOGM3ZTJmM2ZkZGIiLCJ4b2F1dGhfcmVxdWVzdF9hdXRoX3VybCI6Imh0dHBzOi8vYXBpLmxpbmtlZGluLmNvbS91YXMvb2F1dGgvYXV0aG9yaXplIiwib2F1dGhfZXhwaXJlc19pbiI6IjU5OSIsIm9hdXRoX2NhbGxiYWNrX2NvbmZpcm1lZCI6InRydWUifSwic29jaWFsYWNjb3VudF9zdGF0ZSI6W3sicHJvY2VzcyI6ImNvbm5lY3QiLCJzY29wZSI6IiIsImF1dGhfcGFyYW1zIjoiIn0sIjNFZGFZU3puNlJTUSJdfQ==','2015-07-25 08:51:06'),('pth92cduuftm6swavfhcc09xqsqzyyq2','NzQ3NjQ1NzkyYmRkNzJjMWRlNDM1OWVjMGNjMDA5NjY5NzU4MWQxZTp7InNvY2lhbGFjY291bnRfc3RhdGUiOlt7InByb2Nlc3MiOiJsb2dpbiIsInNjb3BlIjoiIiwiYXV0aF9wYXJhbXMiOiIifSwiZnBTY2lucXA3YkpFIl19','2015-07-25 08:51:06'),('pwt3zrclj5j1qhnwnzm1pynxj3fszxo8','M2JhMWJiYjFmOTFlYjg0ZjkzZmY2YzJlMjYwNTRlODU5OWIxZjMyYjp7Im9hdXRoX2FwaS5saW5rZWRpbi5jb21fcmVxdWVzdF90b2tlbiI6eyJvYXV0aF90b2tlbl9zZWNyZXQiOiJjN2Y2NGVkNC1iNzhlLTQ4MWEtODBjMi02NzQ3Y2MzOTRlZDUiLCJvYXV0aF90b2tlbiI6Ijc3LS00N2UwYjQyOC1lYjJkLTRiNTEtYWE5MC1iYjYyMjY4ZWI4ZTYiLCJ4b2F1dGhfcmVxdWVzdF9hdXRoX3VybCI6Imh0dHBzOi8vYXBpLmxpbmtlZGluLmNvbS91YXMvb2F1dGgvYXV0aG9yaXplIiwib2F1dGhfZXhwaXJlc19pbiI6IjU5OSIsIm9hdXRoX2NhbGxiYWNrX2NvbmZpcm1lZCI6InRydWUifSwic29jaWFsYWNjb3VudF9zdGF0ZSI6W3sicHJvY2VzcyI6ImxvZ2luIiwic2NvcGUiOiIiLCJhdXRoX3BhcmFtcyI6IiJ9LCJNMFBabTlnZVAxVVkiXX0=','2015-07-07 06:01:37'),('pz923mi9gzk8ueawr6p27zhmzxpbrr04','NmEyMTRjMDJkYmFkMGM0MjQ1NzBjZmMzOGVhMjRhYTlkNGExZWI0ZDp7Il9hdXRoX3VzZXJfaGFzaCI6Ijg4YzA2ODViYWY4YmE4YWQ1NmJhYjUxYzg3YjRlYWJmZTIwNDRhZjciLCJfYXV0aF91c2VyX2JhY2tlbmQiOiJhbGxhdXRoLmFjY291bnQuYXV0aF9iYWNrZW5kcy5BdXRoZW50aWNhdGlvbkJhY2tlbmQiLCJfYXV0aF91c2VyX2lkIjo2Nn0=','2015-07-27 07:42:38'),('pzkz8ubcqqr48niupzte7u9jdsolc5vs','NWViMjhlODFjYTlkZDY4OTdhNGJkZmI3NWZhOGFkNGFiMDk0ZjBkZTp7fQ==','2015-06-29 13:54:54'),('pzlas4zqip347zwtnj00a940wy45jrm6','ZTAzZTY2OWJhNTg2ZmE1MzNlOGUwNDA4Njc3N2VhNDBlY2JkMTBkYjp7InNvY2lhbGFjY291bnRfc3RhdGUiOlt7InByb2Nlc3MiOiJjb25uZWN0Iiwic2NvcGUiOiIiLCJhdXRoX3BhcmFtcyI6IiJ9LCIzSnBPS3ZxR1g2aVQiXX0=','2015-07-22 06:04:25'),('q8qibr1cjjx1j6i64sudaaubfbj9jehv','YjViMmEzMTdjMzUyYmZlZjFiMWM2ODQ0YzZiOTc1MzUwYWU1ODlhMzp7Il9hdXRoX3VzZXJfaGFzaCI6IjZmMjczN2Q1NzM0MDE4ODlkNmI5NzcwNDQ1NDJjZTgxZmVjNWY3ZDMiLCJfYXV0aF91c2VyX2JhY2tlbmQiOiJkamFuZ28uY29udHJpYi5hdXRoLmJhY2tlbmRzLk1vZGVsQmFja2VuZCIsIl9hdXRoX3VzZXJfaWQiOjQxfQ==','2015-06-29 11:03:29'),('q9pcwadzt6fji8itok012trr6nng3xa2','NWViMjhlODFjYTlkZDY4OTdhNGJkZmI3NWZhOGFkNGFiMDk0ZjBkZTp7fQ==','2015-05-24 12:10:24'),('qb0y36krsdmm21wg5meknknsr4duee72','MDNkYzA2ZmIxOTJlNmIzNDg3ZTZlZmU5MjBlMDQ1NTk1NDBlMzJiODp7InNvY2lhbGFjY291bnRfc3RhdGUiOlt7InByb2Nlc3MiOiJjb25uZWN0P3Byb2Nlc3M9Y29ubmVjdCIsInNjb3BlIjoiIiwiYXV0aF9wYXJhbXMiOiIifSwiSTd6RGhUM09wZXB3Il19','2015-07-16 07:33:54'),('qew07rr6awfvv6hblcvg5cp6zjgoymbf','ZjUwMmY0ZWIxOGM2YWY3YTk2ZGQ5OTIyNjg5NmMwMTIxNzNkNzhlNzp7Im9hdXRoX2FwaS5saW5rZWRpbi5jb21fcmVxdWVzdF90b2tlbiI6eyJvYXV0aF90b2tlbl9zZWNyZXQiOiI4ZTc3ZmZhYS01YmY5LTQ4M2MtYjQ1Yy0yZDQ2OWY1MjBlMGEiLCJvYXV0aF90b2tlbiI6Ijc3LS0xZjRiZDQ1OS03YjEyLTRmYmUtYTU5NS1hMGM2NTE0Y2I2ZmMiLCJ4b2F1dGhfcmVxdWVzdF9hdXRoX3VybCI6Imh0dHBzOi8vYXBpLmxpbmtlZGluLmNvbS91YXMvb2F1dGgvYXV0aG9yaXplIiwib2F1dGhfZXhwaXJlc19pbiI6IjU5OSIsIm9hdXRoX2NhbGxiYWNrX2NvbmZpcm1lZCI6InRydWUifSwic29jaWFsYWNjb3VudF9zdGF0ZSI6W3sicHJvY2VzcyI6ImNvbm5lY3QiLCJzY29wZSI6IiIsImF1dGhfcGFyYW1zIjoiIn0sInAwRXprS3BtUXUwdCJdfQ==','2015-07-01 10:23:03'),('qgoku87iqc2eyvkdqya8l1pitvbnmd0o','ODQ5YjUzZDE1OWY2Yjg2N2VjMTZmNjVhNTNiOGMyMjA0NTExZmQ0Zjp7InNvY2lhbGFjY291bnRfc3RhdGUiOlt7InByb2Nlc3MiOiJsb2dpbiIsInNjb3BlIjoiIiwiYXV0aF9wYXJhbXMiOiIifSwic1JQTWtIdER3MXUwIl19','2015-06-01 00:09:28'),('qnc9khtwl1uxlxmp814iqr00wr3ofoa1','MDEyN2Q1MGZlNzBmMGFlNzc4M2E5MmQ1YmJkMDMzOTMyNDdiMjRhNTp7Im9hdXRoX2FwaS5saW5rZWRpbi5jb21fcmVxdWVzdF90b2tlbiI6eyJvYXV0aF90b2tlbl9zZWNyZXQiOiIwNzRkMzc5MS02OGEwLTRmZjktYWY1MS04YTA4NDIzMzlhNDkiLCJvYXV0aF90b2tlbiI6Ijc3LS02ZDE3MTFiMC0zNmJmLTQzN2ItYmI1Ny1lMDlkMDk4YjYxNjkiLCJ4b2F1dGhfcmVxdWVzdF9hdXRoX3VybCI6Imh0dHBzOi8vYXBpLmxpbmtlZGluLmNvbS91YXMvb2F1dGgvYXV0aG9yaXplIiwib2F1dGhfZXhwaXJlc19pbiI6IjU5OSIsIm9hdXRoX2NhbGxiYWNrX2NvbmZpcm1lZCI6InRydWUifSwic29jaWFsYWNjb3VudF9zdGF0ZSI6W3sicHJvY2VzcyI6ImxvZ2luIiwic2NvcGUiOiIiLCJhdXRoX3BhcmFtcyI6IiJ9LCI4YkxmTndZVXBxTHciXX0=','2015-07-02 02:41:54'),('qou86ose9wqgzqdtgzx9vh7ccjv49z7o','ZmM2YTExMzkwYzhhNDJmOGI4NTE4ZDM0NGM2NDU2N2YyZTI2NjhhZTp7InNvY2lhbGFjY291bnRfc3RhdGUiOlt7InByb2Nlc3MiOiJjb25uZWN0Iiwic2NvcGUiOiIiLCJhdXRoX3BhcmFtcyI6IiJ9LCJsem1pc3RUcXJSdDMiXX0=','2015-07-06 15:40:27'),('qox570nftk40kcxwa5inj8xldnasfxe5','ZjdjZWE2YTgwMmQzMWZiOWE1NWUyNDc4N2E0MzkyZTVkMTk3YzMwYjp7Il9hdXRoX3VzZXJfaGFzaCI6ImZjOGNkZjc1N2EyYzg3ZDJhZjVlYzlkYWE2NDAyNTMyOTMyYTA2YjAiLCJfYXV0aF91c2VyX2JhY2tlbmQiOiJkamFuZ28uY29udHJpYi5hdXRoLmJhY2tlbmRzLk1vZGVsQmFja2VuZCIsIl9hdXRoX3VzZXJfaWQiOjY5fQ==','2015-07-27 13:13:51'),('qpmvpynmn3p6cp4oiujpoowwjw55c7yl','N2ZjNDE1NGIzZDRlOTcxZDQ5NjcyZmQwODNjMTE2ZTVhNTk3MTBlZTp7Im9hdXRoX2FwaS5saW5rZWRpbi5jb21fcmVxdWVzdF90b2tlbiI6eyJvYXV0aF90b2tlbl9zZWNyZXQiOiI1YjU2MzgxMC01MTM0LTQ1M2QtODdjMy0xNTc2MzU3OTRlNjEiLCJvYXV0aF90b2tlbiI6Ijc3LS05YThmNTljMi0yODkzLTRhNWItOThmNS02ZDc1MjJmNGMzYTUiLCJ4b2F1dGhfcmVxdWVzdF9hdXRoX3VybCI6Imh0dHBzOi8vYXBpLmxpbmtlZGluLmNvbS91YXMvb2F1dGgvYXV0aG9yaXplIiwib2F1dGhfZXhwaXJlc19pbiI6IjU5OSIsIm9hdXRoX2NhbGxiYWNrX2NvbmZpcm1lZCI6InRydWUifSwic29jaWFsYWNjb3VudF9zdGF0ZSI6W3sicHJvY2VzcyI6ImxvZ2luIiwic2NvcGUiOiIiLCJhdXRoX3BhcmFtcyI6IiJ9LCJlbElyTGRRU2doa2giXX0=','2015-07-24 06:46:19'),('qy5gbbla9a6bodlvw3ubpv7ewctvn57h','ODNkNmMwMjAzMTRlNzkxMGE0ZDIyOTc0MTM2ZDAyOWQyNjM4NzA4NDp7InNvY2lhbGFjY291bnRfc3RhdGUiOlt7InByb2Nlc3MiOiJjb25uZWN0Iiwic2NvcGUiOiIiLCJhdXRoX3BhcmFtcyI6IiJ9LCJPZ3M2OVRtMm9yN1EiXX0=','2015-07-02 02:10:03'),('r63cr48cs1d6fjc40h571o0v7ff9773i','ODQxYjI3ZWU1ZDZhNDE1MTg3NGUyOThhZGU0ZmNjYTZkNTY3ZDk4Zjp7InNvY2lhbGFjY291bnRfc3RhdGUiOlt7InByb2Nlc3MiOiJsb2dpbiIsInNjb3BlIjoiIiwiYXV0aF9wYXJhbXMiOiIifSwiOVBMbXlEd3NXZEpqIl19','2015-07-25 08:51:05'),('rahitpvomwi55rn50tgrg5d0la7of6g0','YjI5MTkxN2RmYTY3MmFlMTFmZTIyMjdmNzYxZjUyZWFiZTE5MzdlNTp7Im9hdXRoX2FwaS5saW5rZWRpbi5jb21fcmVxdWVzdF90b2tlbiI6eyJvYXV0aF90b2tlbl9zZWNyZXQiOiJjMzA4YmI2OC00ZGI5LTQ3M2UtOTVlNy01Mzg0ZDQ5OGQ2MWQiLCJvYXV0aF90b2tlbiI6Ijc3LS1hYjM2NmUxMC0xZTQ2LTRhNTgtOGFhNy1iYThlOGJhOWZhODUiLCJ4b2F1dGhfcmVxdWVzdF9hdXRoX3VybCI6Imh0dHBzOi8vYXBpLmxpbmtlZGluLmNvbS91YXMvb2F1dGgvYXV0aG9yaXplIiwib2F1dGhfZXhwaXJlc19pbiI6IjU5OSIsIm9hdXRoX2NhbGxiYWNrX2NvbmZpcm1lZCI6InRydWUifSwic29jaWFsYWNjb3VudF9zdGF0ZSI6W3sicHJvY2VzcyI6ImxvZ2luIiwic2NvcGUiOiIiLCJhdXRoX3BhcmFtcyI6IiJ9LCJQaTBxTng1SkhpTmoiXX0=','2015-07-27 23:53:00'),('rc8ivq55qp16myzts1fpz8a1qtgf4qnx','OTJmMDM3MjhlMGZjZTgzZGM5YzM0YWIzMDZhNzZmZmE5ZWM3OGY4ZTp7ImFsbGF1dGhfZmFjZWJvb2tfbm9uY2UiOiJhOHVBbFlxcjVOa1J5WXpRMUVqa1RBaHdBSjhuQWczMCIsInNvY2lhbGFjY291bnRfc3RhdGUiOlt7InByb2Nlc3MiOiJsb2dpbiIsInNjb3BlIjoiIiwiYXV0aF9wYXJhbXMiOiIifSwiSXZZT0ZPNDVTMVBtIl19','2015-06-04 03:18:01'),('rd07b0ntl5g1v5j8lk25b1vuh17qzyu1','YmNlYzYyZGFmYjYyYjM0YWVjNzhiYmYwNTQyYWFjMjc2MzcwYmEzOTp7Im9hdXRoX2FwaS5saW5rZWRpbi5jb21fcmVxdWVzdF90b2tlbiI6eyJvYXV0aF90b2tlbl9zZWNyZXQiOiJkZDI0ODA0MS04NWZkLTQxZGEtYTQyMS1hNzhhNzQ1Mzg0YTkiLCJvYXV0aF90b2tlbiI6Ijc3LS1lODBjM2JlMC0xMmUwLTQxNDUtYjQ1MS1jOWMxMTMyY2I1YzMiLCJ4b2F1dGhfcmVxdWVzdF9hdXRoX3VybCI6Imh0dHBzOi8vYXBpLmxpbmtlZGluLmNvbS91YXMvb2F1dGgvYXV0aG9yaXplIiwib2F1dGhfZXhwaXJlc19pbiI6IjU5OSIsIm9hdXRoX2NhbGxiYWNrX2NvbmZpcm1lZCI6InRydWUifSwic29jaWFsYWNjb3VudF9zdGF0ZSI6W3sicHJvY2VzcyI6ImxvZ2luIiwic2NvcGUiOiIiLCJhdXRoX3BhcmFtcyI6IiJ9LCJtYjA1WDdUMlk2S20iXX0=','2015-07-11 08:51:28'),('rhbl3uua8n3b4qcp44adrryaz6fkhaq8','YWE3ZTk1NWQyN2NhNGFkYTdmMzlkY2FkMTVhMDIzMDM4MWVhNzY2Njp7Il9hdXRoX3VzZXJfaGFzaCI6ImJmMmYwY2IxYTRhOTZlMDQzZWMzZmM4OTc0ZDQ0N2Y0NDE5OWY5OTMiLCJfYXV0aF91c2VyX2JhY2tlbmQiOiJkamFuZ28uY29udHJpYi5hdXRoLmJhY2tlbmRzLk1vZGVsQmFja2VuZCIsIl9hdXRoX3VzZXJfaWQiOjM0fQ==','2015-07-05 11:19:22'),('ril113u1ckd4erdhr4i0ladliw15iiu8','ODNhMjc3Yjk3NGVlZGUwMWI2MTE0YTQyN2Q3Y2Q1ZDZhOWNkM2ZjOTp7InNvY2lhbGFjY291bnRfc29jaWFsbG9naW4iOnsidG9rZW4iOnsiYWNjb3VudF9pZCI6bnVsbCwiYXBwX2lkIjoxLCJleHBpcmVzX2F0IjpudWxsLCJ0b2tlbiI6ImUxNTU4ZDExLTUzZTktNDc1OC04ZTEwLWM0ZjllYTVjZDEyYyIsImlkIjpudWxsLCJ0b2tlbl9zZWNyZXQiOiJhMmYzMmZlYS1hZDE4LTQ1ZTgtODczNi0yZWE4MDQ4NTNmNzMifSwiYWNjb3VudCI6eyJ1c2VyX2lkIjpudWxsLCJ1aWQiOiJOSE0ycE8weVVZIiwibGFzdF9sb2dpbiI6bnVsbCwicHJvdmlkZXIiOiJsaW5rZWRpbiIsImV4dHJhX2RhdGEiOnsiZW1haWwtYWRkcmVzcyI6InZpcmVzaC5kaGF3YW5AZ21haWwuY29tIiwibGFzdC1uYW1lIjoiRGhhd2FuIiwiaGVhZGxpbmUiOiJTdHVkZW50IGF0IFJDT0VNIiwicG9zaXRpb25zIjp7InBvc2l0aW9uIjp7ImlkIjoiNDcxMTE4NzQ5IiwiaXMtY3VycmVudCI6InRydWUiLCJ0aXRsZSI6IlN0dWRlbnQiLCJjb21wYW55Ijp7Im5hbWUiOiJSQ09FTSJ9LCJzdGFydC1kYXRlIjp7InllYXIiOiIyMDEyIiwibW9udGgiOiI4In19fSwiaW5kdXN0cnkiOiJJbmZvcm1hdGlvbiBUZWNobm9sb2d5IGFuZCBTZXJ2aWNlcyIsInB1YmxpYy1wcm9maWxlLXVybCI6Imh0dHBzOi8vd3d3LmxpbmtlZGluLmNvbS9pbi92aXJlc2hkaGF3YW4iLCJlZHVjYXRpb25zIjp7ImVkdWNhdGlvbiI6W3sic2Nob29sLW5hbWUiOiJSYW1kZW9iYWJhIENvbGxlZ2Ugb2YgRW5naW5lZXJpbmcgYW5kIE1hbmFnZW1lbnQiLCJlbmQtZGF0ZSI6eyJ5ZWFyIjoiMjAxNiJ9LCJpZCI6IjE5MDU1NTgzNyIsInN0YXJ0LWRhdGUiOnsieWVhciI6IjIwMTIifX0seyJkZWdyZWUiOiIxMiB0aCIsInN0YXJ0LWRhdGUiOnsieWVhciI6IjIwMTAifSwiZmllbGQtb2Ytc3R1ZHkiOiJTY2llbmNlIiwic2Nob29sLW5hbWUiOiJIaXNsb3AgSnIuIENvbGxlZ2UiLCJlbmQtZGF0ZSI6eyJ5ZWFyIjoiMjAxMiJ9LCJpZCI6IjE5MDU1OTIyMSJ9XX0sInNraWxscyI6eyJza2lsbCI6eyJza2lsbCI6eyJuYW1lIjoiSmF2YSJ9LCJpZCI6IjQ3MTExODc1MCJ9fSwibG9jYXRpb24iOnsiY291bnRyeSI6eyJjb2RlIjoiaW4ifSwibmFtZSI6Ik5hZ3B1ciBBcmVhLCBJbmRpYSJ9LCJwaWN0dXJlLXVybCI6Imh0dHBzOi8vbWVkaWEubGljZG4uY29tL21wci9tcHJ4LzBfLTc2dDZReHp2eWtUTC1LVk9PcC1haURxbFJRVGhLR0ZnN3RwODE0emxzY2g1aGlFS1NLMVQzbnotUlFUTF9qbk9PcHlJQU12SnN6OF9xNm9ncGltYXRxTXlzejNfcWJRZ3BpbExQM05CVWhTV0d5VkFTdjA1RmY1cGZmQW9xckJxeGJZQ1RaeVdXUCIsImZpcnN0LW5hbWUiOiJWaXJlc2giLCJpZCI6Ik5ITTJwTzB5VVkifSwiaWQiOm51bGwsImRhdGVfam9pbmVkIjpudWxsfSwic3RhdGUiOnsicHJvY2VzcyI6ImxvZ2luIiwic2NvcGUiOiIiLCJhdXRoX3BhcmFtcyI6IiJ9LCJlbWFpbF9hZGRyZXNzZXMiOlt7InVzZXJfaWQiOm51bGwsImVtYWlsIjoidmlyZXNoLmRoYXdhbkBnbWFpbC5jb20iLCJ2ZXJpZmllZCI6ZmFsc2UsImlkIjpudWxsLCJwcmltYXJ5Ijp0cnVlfV0sInVzZXIiOnsidXNlcm5hbWUiOiIiLCJmaXJzdF9uYW1lIjoiVmlyZXNoIiwibGFzdF9uYW1lIjoiRGhhd2FuIiwiaXNfYWN0aXZlIjp0cnVlLCJlbWFpbCI6InZpcmVzaC5kaGF3YW5AZ21haWwuY29tIiwiaXNfc3VwZXJ1c2VyIjpmYWxzZSwiaXNfc3RhZmYiOmZhbHNlLCJsYXN0X2xvZ2luIjoiMjAxNS0wNS0xMFQwOTo0OToxOS41MTNaIiwicGFzc3dvcmQiOiIhY1l2RjdlbzRWREx5clJacEgzVll6dmg3QndVQ1ZRV21jRVh4ejQ1NiIsImlkIjpudWxsLCJkYXRlX2pvaW5lZCI6IjIwMTUtMDUtMTBUMDk6NDk6MTkuNTEzWiJ9fSwib2F1dGhfYXBpLmxpbmtlZGluLmNvbV9hY2Nlc3NfdG9rZW4iOnsib2F1dGhfdG9rZW5fc2VjcmV0IjoiYTJmMzJmZWEtYWQxOC00NWU4LTg3MzYtMmVhODA0ODUzZjczIiwib2F1dGhfYXV0aG9yaXphdGlvbl9leHBpcmVzX2luIjoiNTE4Mzk5OCIsIm9hdXRoX3Rva2VuIjoiZTE1NThkMTEtNTNlOS00NzU4LThlMTAtYzRmOWVhNWNkMTJjIiwib2F1dGhfZXhwaXJlc19pbiI6IjUxODM5OTgifSwib2F1dGhfYXBpLmxpbmtlZGluLmNvbV9yZXF1ZXN0X3Rva2VuIjp7Im9hdXRoX3Rva2VuX3NlY3JldCI6ImJmZTRmMzA2LTRjOWMtNGM5MS04NjcxLTZjMDE0OTMwMzYyYyIsIm9hdXRoX3Rva2VuIjoiNzctLTYxYThmMWQ2LWI3MjMtNGQwNi1iODZiLTJkN2Y0NmQ5NWI0YSIsInhvYXV0aF9yZXF1ZXN0X2F1dGhfdXJsIjoiaHR0cHM6Ly9hcGkubGlua2VkaW4uY29tL3Vhcy9vYXV0aC9hdXRob3JpemUiLCJvYXV0aF9leHBpcmVzX2luIjoiNTk5Iiwib2F1dGhfY2FsbGJhY2tfY29uZmlybWVkIjoidHJ1ZSJ9fQ==','2015-05-24 09:49:19'),('rj8cj25761f1dbzmov8yoiffkwszw422','NWViMjhlODFjYTlkZDY4OTdhNGJkZmI3NWZhOGFkNGFiMDk0ZjBkZTp7fQ==','2015-07-01 17:37:50'),('rlzp19xhm5vwhmdtyxwm35cafswqtuvh','YjViMmEzMTdjMzUyYmZlZjFiMWM2ODQ0YzZiOTc1MzUwYWU1ODlhMzp7Il9hdXRoX3VzZXJfaGFzaCI6IjZmMjczN2Q1NzM0MDE4ODlkNmI5NzcwNDQ1NDJjZTgxZmVjNWY3ZDMiLCJfYXV0aF91c2VyX2JhY2tlbmQiOiJkamFuZ28uY29udHJpYi5hdXRoLmJhY2tlbmRzLk1vZGVsQmFja2VuZCIsIl9hdXRoX3VzZXJfaWQiOjQxfQ==','2015-07-26 07:07:29'),('rnf8vfstw2xpeo0p0eost09pdcuuxzaa','Mjg5ZjMyMWVjNjQ2N2I1OTllMzI0OTliZTU5OTI0NjNmMTQ0ZDE3Zjp7InNvY2lhbGFjY291bnRfc3RhdGUiOlt7InByb2Nlc3MiOiJsb2dpbiIsInNjb3BlIjoiIiwiYXV0aF9wYXJhbXMiOiIifSwiQm0yenNOUTJGYUtuIl19','2015-07-07 14:36:35'),('ro9vfm4n3hnvhjgivgmkw4kio51s5zq8','ZTBhZjhjNzkyN2U3NTA2MWE1MGJlMDk1NzNiZDZlYjY1MmQwZGI5Mjp7InNvY2lhbGFjY291bnRfc3RhdGUiOlt7InByb2Nlc3MiOiJsb2dpbiIsInNjb3BlIjoiIiwiYXV0aF9wYXJhbXMiOiIifSwibXN5dEw5V21pOXFuIl19','2015-07-07 14:36:35'),('rpaqlqw6g1pmh64fz3vo05vbyta3op4m','NGJiMDU1NTk4ZTIyMmM2ZWQ3YWJjYTM4MTg1OGMzMjQ4YzEwNjE4NTp7InNvY2lhbGFjY291bnRfc3RhdGUiOlt7InByb2Nlc3MiOiJjb25uZWN0Iiwic2NvcGUiOiIiLCJhdXRoX3BhcmFtcyI6IiJ9LCIxVXg5eW14SDJueE4iXX0=','2015-07-25 08:51:07'),('rpw9mqsuxdx5quexwzo2r90z0yu2n9cl','MDcyMTNjNzVhNzdjM2ZjNTc3YmRiMGMzZTZiYjAxMjQ2ZDI0YmQ5ODp7Im9hdXRoX2FwaS5saW5rZWRpbi5jb21fcmVxdWVzdF90b2tlbiI6eyJvYXV0aF90b2tlbl9zZWNyZXQiOiI2MWY0OGM5ZC1hMDgyLTQ2NmUtYjk1ZC0zNDE5MTY4YWJhNmMiLCJvYXV0aF90b2tlbiI6Ijc3LS05Y2M1MDZkMi1mYTg1LTRlM2ItYjliZC00MWIzYTU0M2YzYjQiLCJ4b2F1dGhfcmVxdWVzdF9hdXRoX3VybCI6Imh0dHBzOi8vYXBpLmxpbmtlZGluLmNvbS91YXMvb2F1dGgvYXV0aG9yaXplIiwib2F1dGhfZXhwaXJlc19pbiI6IjU5OSIsIm9hdXRoX2NhbGxiYWNrX2NvbmZpcm1lZCI6InRydWUifSwic29jaWFsYWNjb3VudF9zdGF0ZSI6W3sicHJvY2VzcyI6ImxvZ2luIiwic2NvcGUiOiIiLCJhdXRoX3BhcmFtcyI6IiJ9LCJxWmpRb3FlejNOd2YiXX0=','2015-06-12 20:31:24'),('rq4cdn74gajowuj8648g25v3xrex9mfj','MjVkODRhNDRlYmQ5ZTEzNDM5YWI3MWE0MGVjNzgwODJjOWQzNzA0Yjp7InNvY2lhbGFjY291bnRfc3RhdGUiOlt7InByb2Nlc3MiOiJjb25uZWN0Iiwic2NvcGUiOiIiLCJhdXRoX3BhcmFtcyI6IiJ9LCJ1akd1UzVFNkNVWnQiXX0=','2015-07-11 08:51:33'),('rvwpz2yvrb2uyxhgmdjom3c8731mxdwn','YzY1MDBmNjc5ZDgxOWRjMzY2MzJjZjJlNTk0YjdmYjMzMjZkMjI0OTp7Il9hdXRoX3VzZXJfaGFzaCI6ImZjOGNkZjc1N2EyYzg3ZDJhZjVlYzlkYWE2NDAyNTMyOTMyYTA2YjAiLCJfYXV0aF91c2VyX2JhY2tlbmQiOiJkamFuZ28uY29udHJpYi5hdXRoLmJhY2tlbmRzLk1vZGVsQmFja2VuZCIsIl9hdXRoX3VzZXJfaWQiOjcxLCJzb2NpYWxhY2NvdW50X3N0YXRlIjpbeyJwcm9jZXNzIjoiY29ubmVjdCIsInNjb3BlIjoiIiwiYXV0aF9wYXJhbXMiOiIifSwibUt1U0hsakh1SWpwIl19','2015-07-27 16:33:27'),('rxr3z1i41bzm2shwduccs3y77iennoiq','YjIyOTg1ZDA0OTRlMDBhYTU3NDIwNTFlN2MxNjE2N2M3Zjg5MDkzMzp7Im9hdXRoX2FwaS5saW5rZWRpbi5jb21fcmVxdWVzdF90b2tlbiI6eyJvYXV0aF90b2tlbl9zZWNyZXQiOiI2ZmQwNTJmYi0zNTFkLTQ3MDMtODhlMi1jMzMxNzFkZDZmYWYiLCJvYXV0aF90b2tlbiI6Ijc3LS1jZTJlMmY4NC1kMjk0LTRiNzktYmE4Mi05MTZiM2Q1ZmQzODIiLCJ4b2F1dGhfcmVxdWVzdF9hdXRoX3VybCI6Imh0dHBzOi8vYXBpLmxpbmtlZGluLmNvbS91YXMvb2F1dGgvYXV0aG9yaXplIiwib2F1dGhfZXhwaXJlc19pbiI6IjU5OSIsIm9hdXRoX2NhbGxiYWNrX2NvbmZpcm1lZCI6InRydWUifSwic29jaWFsYWNjb3VudF9zdGF0ZSI6W3sicHJvY2VzcyI6ImxvZ2luIiwic2NvcGUiOiIiLCJhdXRoX3BhcmFtcyI6IiJ9LCJqWUVmOG9IUkRBa0wiXX0=','2015-06-27 06:51:47'),('smetvduzh7iqzdvr08shrq1lhiiw2awd','ZTg2ZjM1ZjVmYzY5MmE1N2JlYTkxMzVlNDNmYzJkZjJhNDNjZmZhNjp7InNvY2lhbGFjY291bnRfc3RhdGUiOlt7InByb2Nlc3MiOiJsb2dpbiIsInNjb3BlIjoiIiwiYXV0aF9wYXJhbXMiOiIiLCJuZXh0IjoiL3VzZXIvIn0sImR2dDJWbkpFMmRhTiJdfQ==','2015-06-18 14:46:19'),('smiwevao6rb0vgryz8hevcenlugr4597','YmUyYzM2OTMxNDAxNDc1NjBmOWI5MGZkYjAyYWI5M2U3ZTJiMWFmNjp7InNvY2lhbGFjY291bnRfc3RhdGUiOlt7InByb2Nlc3MiOiJsb2dpbiIsInNjb3BlIjoiIiwiYXV0aF9wYXJhbXMiOiIifSwiVXlGVU5DbVE2UWIyIl19','2015-06-25 05:00:35'),('sn8ln9f0m7gdl6ywgflfmvd6t99p8tkl','ZmYxMzA3Mjg3Nzk0MzIzMWEyMDhlZjQ4NjIxMTYxZDU4YjJlOGQwYTp7InNvY2lhbGFjY291bnRfc3RhdGUiOlt7InByb2Nlc3MiOiJjb25uZWN0Iiwic2NvcGUiOiIiLCJhdXRoX3BhcmFtcyI6IiJ9LCIyb1Y2Tm1ZMVhid28iXX0=','2015-07-07 14:36:35'),('so8fj9u36sxjddn52doemao510xlt0ki','YTExOWVmMTM0NzRjMTdmM2YwYjI5MjBhNDJkZTY2NTYwMDJhYzczMTp7Il9hdXRoX3VzZXJfaGFzaCI6ImY2NDNkNjRhY2ZjN2Q3NjYxODg0NGUyYjBmZTE1MjA3OTNlMGY2NmEiLCJfYXV0aF91c2VyX2JhY2tlbmQiOiJhbGxhdXRoLmFjY291bnQuYXV0aF9iYWNrZW5kcy5BdXRoZW50aWNhdGlvbkJhY2tlbmQiLCJfYXV0aF91c2VyX2lkIjo0Nn0=','2015-07-27 17:06:41'),('sv8794xu03zkj0f15rm4p0zjr9oq1zd8','MWI5YjRmMmU2NWRjMWJiN2Y5MGMyM2NhMWFlMzI0ZGY2YmJiYzI4ZTp7Il9hdXRoX3VzZXJfaGFzaCI6ImZjOGNkZjc1N2EyYzg3ZDJhZjVlYzlkYWE2NDAyNTMyOTMyYTA2YjAiLCJfYXV0aF91c2VyX2JhY2tlbmQiOiJkamFuZ28uY29udHJpYi5hdXRoLmJhY2tlbmRzLk1vZGVsQmFja2VuZCIsIl9hdXRoX3VzZXJfaWQiOjU0LCJzb2NpYWxhY2NvdW50X3N0YXRlIjpbeyJwcm9jZXNzIjoiY29ubmVjdCIsInNjb3BlIjoiIiwiYXV0aF9wYXJhbXMiOiIifSwiQkEwZFJsTk9vTzIwIl19','2015-07-21 17:06:30'),('swc5mn5875ikls927e1rn9hhdodhvmdq','YmY5YTM2ZTMzNzVhMDE2NjRlMWQ3ZDEwOGMxNWYyNDBjOWUxZjAyNDp7Il9hdXRoX3VzZXJfaGFzaCI6ImZjOGNkZjc1N2EyYzg3ZDJhZjVlYzlkYWE2NDAyNTMyOTMyYTA2YjAiLCJfYXV0aF91c2VyX2JhY2tlbmQiOiJkamFuZ28uY29udHJpYi5hdXRoLmJhY2tlbmRzLk1vZGVsQmFja2VuZCIsIl9hdXRoX3VzZXJfaWQiOjYxfQ==','2015-07-26 08:00:31'),('t306346p4izbdwngpi2b8rg1gfip0vnj','MWZjNWYxYjE0ODBjOGZkMTg2ZWU4ZTc5MGQyOWY0YmVhNmE0ZmUwYzp7InNvY2lhbGFjY291bnRfc3RhdGUiOlt7InByb2Nlc3MiOiJsb2dpbiIsInNjb3BlIjoiIiwiYXV0aF9wYXJhbXMiOiIiLCJuZXh0IjoiL3VzZXIvIn0sImNPZ2JHSmUwQlA5aCJdfQ==','2015-07-26 01:39:07'),('t346ysm64ouh0wvu7rw1s70v1resq72v','NDQzMzU1MGRjMGJjOTFhZTRkZTYyOTA0MmM3MjQxZDhjNTNlN2VmMDp7InNvY2lhbGFjY291bnRfc3RhdGUiOlt7InByb2Nlc3MiOiJsb2dpbiIsInNjb3BlIjoiIiwiYXV0aF9wYXJhbXMiOiIifSwiZ3FHWEFTS1JkVjdpIl19','2015-07-03 07:32:15'),('t51mjd0du6opz1hgnohm5zxbehts81di','YTYzM2Q4MTY3NTA3ZTUyNzhmYTk2ZDEyMTQ3Njc0ODE2NTUwZDIyZDp7Il9hdXRoX3VzZXJfaGFzaCI6ImZjOGNkZjc1N2EyYzg3ZDJhZjVlYzlkYWE2NDAyNTMyOTMyYTA2YjAiLCJfYXV0aF91c2VyX2JhY2tlbmQiOiJkamFuZ28uY29udHJpYi5hdXRoLmJhY2tlbmRzLk1vZGVsQmFja2VuZCIsIl9hdXRoX3VzZXJfaWQiOjYwfQ==','2015-07-26 08:00:13'),('t6bcx8lnvvlkzab9m98p8tbljip5m59h','YjE5ZDgwYmVhYmNlMGNlODQzNGE5OWY4MWFkNWUzZWM5Y2JlNTBkZTp7InNvY2lhbGFjY291bnRfc3RhdGUiOlt7InByb2Nlc3MiOiJjb25uZWN0Iiwic2NvcGUiOiIiLCJhdXRoX3BhcmFtcyI6IiJ9LCJ2aHFqU0ZUSHpyWEkiXX0=','2015-07-25 08:51:08'),('tg86t72wo5fwl9lnsw2v3aqigpzqp9iq','YWE3ZTk1NWQyN2NhNGFkYTdmMzlkY2FkMTVhMDIzMDM4MWVhNzY2Njp7Il9hdXRoX3VzZXJfaGFzaCI6ImJmMmYwY2IxYTRhOTZlMDQzZWMzZmM4OTc0ZDQ0N2Y0NDE5OWY5OTMiLCJfYXV0aF91c2VyX2JhY2tlbmQiOiJkamFuZ28uY29udHJpYi5hdXRoLmJhY2tlbmRzLk1vZGVsQmFja2VuZCIsIl9hdXRoX3VzZXJfaWQiOjM0fQ==','2015-07-06 11:31:11'),('tj7grzbu8eps4my87p09fpmc188tbfvg','NWViMjhlODFjYTlkZDY4OTdhNGJkZmI3NWZhOGFkNGFiMDk0ZjBkZTp7fQ==','2015-07-21 14:28:20'),('tmtgseiqs3huel87mikpyorp0i15uc5w','NWZkOTAyNWRiMjQ5MjRjODY2NGU4NWJhYTUwZWU1YjBmOGNmOTY0Nzp7InNvY2lhbGFjY291bnRfc3RhdGUiOlt7InByb2Nlc3MiOiJsb2dpbiIsInNjb3BlIjoiIiwiYXV0aF9wYXJhbXMiOiIifSwiWFhxT25vempDVUdCIl19','2015-06-15 14:20:54'),('tq4svcq0aloe54e5ha1l5tvxxjz23rpd','MzA0Njk5M2FiNmY4ZDc2YmJjZTQ2Y2Y5MDc5NmQ5NzA2Mzk3N2NkNTp7InNvY2lhbGFjY291bnRfc3RhdGUiOlt7InByb2Nlc3MiOiJsb2dpbiIsInNjb3BlIjoiIiwiYXV0aF9wYXJhbXMiOiIifSwidjREdUZIcUtWdzVBIl19','2015-07-08 03:27:23'),('tuhi5pms8c22tg5wcmjnglqyfcstpxl4','NmRkODYwNTUxYTQwNTA0ZTljYWRlMmNlYzExZmM0MDRlZjJiNTlkODp7Im9hdXRoX2FwaS5saW5rZWRpbi5jb21fcmVxdWVzdF90b2tlbiI6eyJvYXV0aF90b2tlbl9zZWNyZXQiOiIyYzZkNTE5MC1iNGEwLTRlNjktOWY1MC04ZDAyNzkwZGU0MmMiLCJvYXV0aF90b2tlbiI6Ijc3LS1iYWJkOGNlMi05ODYyLTRiMGUtODkzOC0wZGU5YTUzNDcwMTIiLCJ4b2F1dGhfcmVxdWVzdF9hdXRoX3VybCI6Imh0dHBzOi8vYXBpLmxpbmtlZGluLmNvbS91YXMvb2F1dGgvYXV0aG9yaXplIiwib2F1dGhfZXhwaXJlc19pbiI6IjU5OSIsIm9hdXRoX2NhbGxiYWNrX2NvbmZpcm1lZCI6InRydWUifSwic29jaWFsYWNjb3VudF9zdGF0ZSI6W3sicHJvY2VzcyI6ImxvZ2luIiwic2NvcGUiOiIiLCJhdXRoX3BhcmFtcyI6IiJ9LCJYRHNBNmhBcmZnR0EiXX0=','2015-07-02 02:10:08'),('tyrxk8dmhjiu85sh90cek0wel7a7ym9j','MWNmY2UzYTdmZGFiYmE2Y2NjODgzZmE2MmE2NGUxNDQwZWMyY2QxNTp7Im9hdXRoX2FwaS5saW5rZWRpbi5jb21fcmVxdWVzdF90b2tlbiI6eyJvYXV0aF90b2tlbl9zZWNyZXQiOiIyMmY5MDgyMS01ZGEzLTQzODUtODFhMS0yNTkwNTdjZDM1M2UiLCJvYXV0aF90b2tlbiI6Ijc3LS1iNTNiMmI1Mi1lYzgyLTRlM2UtOTA2MS1hMjQ5MzA1ZWQxZWIiLCJ4b2F1dGhfcmVxdWVzdF9hdXRoX3VybCI6Imh0dHBzOi8vYXBpLmxpbmtlZGluLmNvbS91YXMvb2F1dGgvYXV0aG9yaXplIiwib2F1dGhfZXhwaXJlc19pbiI6IjU5OSIsIm9hdXRoX2NhbGxiYWNrX2NvbmZpcm1lZCI6InRydWUifSwic29jaWFsYWNjb3VudF9zdGF0ZSI6W3sicHJvY2VzcyI6ImNvbm5lY3QiLCJzY29wZSI6IiIsImF1dGhfcGFyYW1zIjoiIn0sIk41SUxqS1lNUlJjNyJdfQ==','2015-07-03 23:48:25'),('tz08e1t6ntc7h817su806mozsr55mkb6','ODA1NzgyNzA5YWI3NTMxYmU3MzQ5ZDJlODM3MmJmYTg2ZDU3ODgyNjp7InNvY2lhbGFjY291bnRfc3RhdGUiOlt7InByb2Nlc3MiOiJsb2dpbiIsInNjb3BlIjoiIiwiYXV0aF9wYXJhbXMiOiIifSwiMkFyUTlkMzJrQVRXIl19','2015-07-04 03:17:58'),('u4md7ekngmcsrpvomjfymy7yxyzjdy4d','YjdkOTdjNTBkYTBiZGM3MTBmZGU5MDA4MGNlNWRkZjYyNTMzZGE0Njp7InNvY2lhbGFjY291bnRfc3RhdGUiOlt7InByb2Nlc3MiOiJsb2dpbiIsInNjb3BlIjoiIiwiYXV0aF9wYXJhbXMiOiIifSwiZU1taGFPWjR3MFk0Il19','2015-06-08 12:03:39'),('uc3mu6nqbn2c2otx9sswhtnkm262auxz','YjBmMzRlODVkNDBmMzE1MzE0YTc1MTVjODJjY2YzMWJlM2U3OTQzNjp7InNvY2lhbGFjY291bnRfc3RhdGUiOlt7InByb2Nlc3MiOiJsb2dpbiIsInNjb3BlIjoiIiwiYXV0aF9wYXJhbXMiOiIiLCJuZXh0IjoiL3VzZXIvIn0sInZRd2FmaFZHeWVKbiJdfQ==','2015-05-27 12:37:07'),('uf6b7qh036bjs94iafnbngsqtzkmcvbj','MmQ3ZjExYzA5ZDIwYzJhNmY4Nzc3Y2I2NmQ4MDljOTZiZDBiYmZhODp7Im9hdXRoX2FwaS5saW5rZWRpbi5jb21fcmVxdWVzdF90b2tlbiI6eyJvYXV0aF90b2tlbl9zZWNyZXQiOiJlOTk1YTk5MS0xNjY4LTRiZGMtYjIyMy1hNDFhNjkxMzk3OGIiLCJvYXV0aF90b2tlbiI6Ijc3LS1hNGU4OTk0Ny01MDliLTRlZmQtYTNiZC1jMmQ2NTEwNWFhYjEiLCJ4b2F1dGhfcmVxdWVzdF9hdXRoX3VybCI6Imh0dHBzOi8vYXBpLmxpbmtlZGluLmNvbS91YXMvb2F1dGgvYXV0aG9yaXplIiwib2F1dGhfZXhwaXJlc19pbiI6IjU5OSIsIm9hdXRoX2NhbGxiYWNrX2NvbmZpcm1lZCI6InRydWUifSwic29jaWFsYWNjb3VudF9zdGF0ZSI6W3sicHJvY2VzcyI6ImxvZ2luIiwic2NvcGUiOiIiLCJhdXRoX3BhcmFtcyI6IiJ9LCJUemVOYWZmMGN5TmoiXX0=','2015-07-03 07:32:15'),('ugoty6g030wgdj35po9v6apis3mr6579','MWNiYjkzYWY1Yzg0NmM0YTdlNjYyZGI0YTFiNTk0ZWJjNTQxM2Y4NDp7Im9hdXRoX2FwaS5saW5rZWRpbi5jb21fYWNjZXNzX3Rva2VuIjp7Im9hdXRoX3Rva2VuX3NlY3JldCI6IjdhMTFiOTNlLWI1MDMtNGYxZC04YTg0LTFkM2IyYTgxNjQyMyIsIm9hdXRoX2F1dGhvcml6YXRpb25fZXhwaXJlc19pbiI6IjUxODM5OTgiLCJvYXV0aF90b2tlbiI6Ijc2MDk0NjU3LWQ5OTEtNDE5Zi04ZDllLWQ2YTBjYWQ5OWRhMyIsIm9hdXRoX2V4cGlyZXNfaW4iOiI1MTgzOTk4In0sImFsbGF1dGhfZmFjZWJvb2tfbm9uY2UiOiJ2clVUckk4R2pidEo5N3JzQ3l5SmtNbG91Z2pKNkszeCIsIl9hdXRoX3VzZXJfaWQiOjI2LCJzb2NpYWxhY2NvdW50X3N0YXRlIjpbeyJwcm9jZXNzIjoiY29ubmVjdCIsInNjb3BlIjoiIiwiYXV0aF9wYXJhbXMiOiIiLCJuZXh0IjoiL21lbnRvci9tYW5hZ2Utc29jaWFsLXByb2ZpbGVzLyJ9LCJJd0huYUtOOTg4ZnYiXSwic29jaWFsYWNjb3VudF9zb2NpYWxsb2dpbiI6eyJ1c2VyIjp7InVzZXJuYW1lIjoiIiwiZmlyc3RfbmFtZSI6IlNhY2hpbiIsImxhc3RfbmFtZSI6IkZhcmZhZC1QYXRpbCIsImlzX2FjdGl2ZSI6dHJ1ZSwiZW1haWwiOiJmX3NhY2hpbkB5YWhvby5jby5pbiIsImlzX3N1cGVydXNlciI6ZmFsc2UsImlzX3N0YWZmIjpmYWxzZSwibGFzdF9sb2dpbiI6IjIwMTUtMDYtMTVUMTU6MTc6MTkuNzcwWiIsInBhc3N3b3JkIjoiIVN0ZlpxcmVVOVZobGxQQmhwSWFRN2tYOUIydXhQRng5NkZvcUdzNEIiLCJpZCI6bnVsbCwiZGF0ZV9qb2luZWQiOiIyMDE1LTA2LTE1VDE1OjE3OjE5Ljc3MVoifSwidG9rZW4iOnsiYWNjb3VudF9pZCI6bnVsbCwiYXBwX2lkIjoyLCJleHBpcmVzX2F0IjoiMjAxNS0wOC0xNFQxNToxNzoxOC40NDRaIiwidG9rZW4iOiJDQUFLSVpCQ2gwSW93QkFFZDB5R0VVQzFZbDFkaWdVeHlOM1pDSmlSVkMwamxQWGZaQ3dBUmZSWkFiTzhldHdudFFla3BTWENYWGtRVTJCUU1hUG9TWkM0VFNzWkNwNVlWN1VaQ0pXblZvYVBiOHNWNzFvcmZOZ0tjVWRhdW5hbTNLRlYydE5xRnVXb2IwQ0laQmU0dFpBRFVvaXlmQUR4TXRyd21OQTZMUWtlYmtlZ1RieXhhVHcyMmd3NjkyTzdHUGRWOXNod00yb0tsYVJick5HZ0ZlWHBaQTFIUWtUWGhaQ1YzcHk2eks2NVE4TzBsbU9lU3B0QlpBT2ZzcXh5QTBWYlRPamdaRCIsImlkIjpudWxsLCJ0b2tlbl9zZWNyZXQiOiIifSwiYWNjb3VudCI6eyJ1c2VyX2lkIjpudWxsLCJ1aWQiOiI5OTQ3OTcxNDA1NjA1ODQiLCJsYXN0X2xvZ2luIjpudWxsLCJwcm92aWRlciI6ImZhY2Vib29rIiwiZXh0cmFfZGF0YSI6eyJmaXJzdF9uYW1lIjoiU2FjaGluIiwibGFzdF9uYW1lIjoiRmFyZmFkLVBhdGlsIiwidmVyaWZpZWQiOnRydWUsIm5hbWUiOiJTYWNoaW4gRmFyZmFkLVBhdGlsIiwibG9jYWxlIjoiZW5fR0IiLCJnZW5kZXIiOiJtYWxlIiwidXBkYXRlZF90aW1lIjoiMjAxNS0wNi0wN1QwMTowNzozOSswMDAwIiwibGluayI6Imh0dHBzOi8vd3d3LmZhY2Vib29rLmNvbS9hcHBfc2NvcGVkX3VzZXJfaWQvOTk0Nzk3MTQwNTYwNTg0LyIsImlkIjoiOTk0Nzk3MTQwNTYwNTg0IiwidGltZXpvbmUiOjUuNSwiZW1haWwiOiJmX3NhY2hpbkB5YWhvby5jby5pbiJ9LCJpZCI6bnVsbCwiZGF0ZV9qb2luZWQiOm51bGx9LCJlbWFpbF9hZGRyZXNzZXMiOlt7ImlkIjpudWxsLCJ1c2VyX2lkIjpudWxsLCJ2ZXJpZmllZCI6ZmFsc2UsImVtYWlsIjoiZl9zYWNoaW5AeWFob28uY28uaW4iLCJwcmltYXJ5Ijp0cnVlfV0sInN0YXRlIjp7InByb2Nlc3MiOiJsb2dpbiIsInNjb3BlIjoiIiwiYXV0aF9wYXJhbXMiOiIifX0sIl9hdXRoX3VzZXJfYmFja2VuZCI6ImFsbGF1dGguYWNjb3VudC5hdXRoX2JhY2tlbmRzLkF1dGhlbnRpY2F0aW9uQmFja2VuZCIsIl9hdXRoX3VzZXJfaGFzaCI6ImY2NGMzN2ZkYTcwNGU0NTgxMDNkNmRjOWYwODk4M2I1YzQzYjViMDUiLCJvYXV0aF9hcGkubGlua2VkaW4uY29tX3JlcXVlc3RfdG9rZW4iOnsib2F1dGhfdG9rZW5fc2VjcmV0IjoiYmFjY2VmZTUtOWU1Yi00NWQxLWJiZGUtODMyYjQzN2ViZDhhIiwib2F1dGhfdG9rZW4iOiI3Ny0tNmI3YTZkZTItN2JiNy00Y2UzLWE5ZjEtNzdhMDFjNDU1MGUyIiwieG9hdXRoX3JlcXVlc3RfYXV0aF91cmwiOiJodHRwczovL2FwaS5saW5rZWRpbi5jb20vdWFzL29hdXRoL2F1dGhvcml6ZSIsIm9hdXRoX2V4cGlyZXNfaW4iOiI1OTkiLCJvYXV0aF9jYWxsYmFja19jb25maXJtZWQiOiJ0cnVlIn19','2015-06-29 15:22:08'),('uhkalwipy15x1f8awh3lqzo59g6y9azm','NDdjYTI1Mzg5YTBjOTM5NDIwNjM3ZGE4Y2FhZWU1MWM2NmNhZmQzZjp7InNvY2lhbGFjY291bnRfc3RhdGUiOlt7InByb2Nlc3MiOiJsb2dpbiIsInNjb3BlIjoiIiwiYXV0aF9wYXJhbXMiOiIiLCJuZXh0IjoiL3VzZXIvIn0sIlExdGlnSlhnYzhvcSJdfQ==','2015-07-06 06:39:31'),('ujxh7w4kwywomedoanjav6flen3luqvr','NDMxOTNkZTVlN2QwODI3M2E5NGY1ODBjMGEwYzVhOTFkY2EwNjMwZDp7InNvY2lhbGFjY291bnRfc3RhdGUiOlt7InByb2Nlc3MiOiJsb2dpbiIsInNjb3BlIjoiIiwiYXV0aF9wYXJhbXMiOiIifSwia3U0SW5XYjMzdnh1Il19','2015-06-05 05:22:51'),('uopav23wmyxq2rn8a0tunyoj45rii7bh','M2JhZGEzMDJmNjkwZTgyNTk3M2VkYTI4YmIyOTE3NDJhOWU1YWJlNzp7InNvY2lhbGFjY291bnRfc3RhdGUiOlt7InByb2Nlc3MiOiJjb25uZWN0Iiwic2NvcGUiOiIiLCJhdXRoX3BhcmFtcyI6IiJ9LCJRTVNmN05hdVhUaFEiXX0=','2015-07-16 07:48:51'),('ur6tnu11jazhat02yelmqe6g3tmg49cl','NTlhYzJhNDRkMGY3YWI0ZWUzZTQ4YjMwOTI3NzJjNjkyNjRlZWYxYjp7InNvY2lhbGFjY291bnRfc3RhdGUiOlt7InByb2Nlc3MiOiJsb2dpbiIsInNjb3BlIjoiIiwiYXV0aF9wYXJhbXMiOiIifSwiZzhTSUpuZEVuQlN2Il19','2015-07-04 08:51:14'),('uzg9ac8bilen6gr1bpfr6liq5axm64d1','NzA3YTA1NzU4ODAwYTI4ZWRhOTc5YzY4NjM4NjU4MzYyY2Y3NDc1Zjp7Il9hdXRoX3VzZXJfaGFzaCI6ImZjOGNkZjc1N2EyYzg3ZDJhZjVlYzlkYWE2NDAyNTMyOTMyYTA2YjAiLCJfYXV0aF91c2VyX2JhY2tlbmQiOiJkamFuZ28uY29udHJpYi5hdXRoLmJhY2tlbmRzLk1vZGVsQmFja2VuZCIsIl9hdXRoX3VzZXJfaWQiOjU0fQ==','2015-07-21 17:06:28'),('v3nz3cs0p7gnhfy9v0pkbv7rk7tiocd8','NTFkMTcwYmM0YzUwNmY2OTFlZDAyYzAyMjhhYjcyNjljYThmOThiNjp7InNvY2lhbGFjY291bnRfc3RhdGUiOlt7InByb2Nlc3MiOiJsb2dpbiIsInNjb3BlIjoiIiwiYXV0aF9wYXJhbXMiOiIifSwic2V1anFXWUFDOVJLIl19','2015-07-06 15:41:46'),('vb00ownr2mpbvb8d0rxcnwb8qqbd29zs','ODAyOTJiMWM2MzJmMzY5YWE1NGNhN2MyMTYyMWJjNjE5MzE1ZTM3Yzp7InNvY2lhbGFjY291bnRfc3RhdGUiOlt7InByb2Nlc3MiOiJsb2dpbiIsInNjb3BlIjoiIiwiYXV0aF9wYXJhbXMiOiIifSwiSWZuYnpGcjlHQk1NIl19','2015-07-25 22:26:31'),('vbdwctmlhavsdbwctmff1ax2wk4uwuxe','ZGIxNWI2MmYwZjc3NTI1Y2M0NTcyODM5ZWY2Y2UyNmY3NDg3ZTVmNDp7InNvY2lhbGFjY291bnRfc3RhdGUiOlt7InByb2Nlc3MiOiJjb25uZWN0Iiwic2NvcGUiOiIiLCJhdXRoX3BhcmFtcyI6IiJ9LCJyaGRxNHRDckFrN28iXX0=','2015-07-25 08:51:07'),('ve5l8vjbftm39jauderpmrv8fnip5jks','MDI4NWEzMjFlNmNiOGJlNDM5ODk0ZGYzMDYwOTg2ZmI5YmM1N2Q2ZDp7Im9hdXRoX2FwaS5saW5rZWRpbi5jb21fcmVxdWVzdF90b2tlbiI6eyJvYXV0aF90b2tlbl9zZWNyZXQiOiJhZDM0YTk1OC1lMjFlLTQyNWYtODFhNy0zZTNmMGQ4YmRhZjYiLCJvYXV0aF90b2tlbiI6Ijc3LS0xNjdjZWU0MS0yNmZmLTQ3NjgtODhlNi1kYjNjNmQxYjk1OTYiLCJ4b2F1dGhfcmVxdWVzdF9hdXRoX3VybCI6Imh0dHBzOi8vYXBpLmxpbmtlZGluLmNvbS91YXMvb2F1dGgvYXV0aG9yaXplIiwib2F1dGhfZXhwaXJlc19pbiI6IjU5OSIsIm9hdXRoX2NhbGxiYWNrX2NvbmZpcm1lZCI6InRydWUifSwic29jaWFsYWNjb3VudF9zdGF0ZSI6W3sicHJvY2VzcyI6ImxvZ2luIiwic2NvcGUiOiIiLCJhdXRoX3BhcmFtcyI6IiJ9LCJycEwyZWJPcEQ5NmoiXX0=','2015-07-06 13:40:26'),('vj8kpzfn8z5sv6vbkfgh655wf7ywag1p','NTg1Y2M0YThmNzRiZjQwMDVjYmYxMTQ3M2Y2ZDEzNTVjNTk4Nzk2Yjp7InNvY2lhbGFjY291bnRfc3RhdGUiOlt7InByb2Nlc3MiOiJjb25uZWN0Iiwic2NvcGUiOiIiLCJhdXRoX3BhcmFtcyI6IiJ9LCI2NHZNZ3M5QTBsZEoiXX0=','2015-07-07 14:36:35'),('vmvp7oh0dcz7vkkagsspglc7smnl5iml','YjAyMWMxZjU1ODQ0YjQ3Zjc0MWU5YjQ3ZjRiMTUxNDVjNGExZmQyYTp7Im9hdXRoX2FwaS5saW5rZWRpbi5jb21fcmVxdWVzdF90b2tlbiI6eyJvYXV0aF90b2tlbl9zZWNyZXQiOiIwN2VkOTBlNC1jMTQ2LTRjYmMtYTVjZi1lNjc0MDI5YzJhNDkiLCJvYXV0aF90b2tlbiI6Ijc3LS03NGY1ZDBhZC04YmIyLTQ0M2YtOTE4YS0zMGViOGExMTlhYjYiLCJ4b2F1dGhfcmVxdWVzdF9hdXRoX3VybCI6Imh0dHBzOi8vYXBpLmxpbmtlZGluLmNvbS91YXMvb2F1dGgvYXV0aG9yaXplIiwib2F1dGhfZXhwaXJlc19pbiI6IjU5OSIsIm9hdXRoX2NhbGxiYWNrX2NvbmZpcm1lZCI6InRydWUifSwic29jaWFsYWNjb3VudF9zdGF0ZSI6W3sicHJvY2VzcyI6ImxvZ2luIiwic2NvcGUiOiIiLCJhdXRoX3BhcmFtcyI6IiJ9LCJXcnZhenJra3g5TzAiXX0=','2015-07-22 06:27:20'),('vnhpsjfpva4zxkaw2fqhg8nht3ze581z','YjMzMjc0YWU2YTJkY2U1ZDM0NmZhYWNmODU3NjA5ZmRlZWM5Nzg0NDp7Im9hdXRoX2FwaS5saW5rZWRpbi5jb21fcmVxdWVzdF90b2tlbiI6eyJvYXV0aF90b2tlbl9zZWNyZXQiOiIxYTMzZTAyMC1kNDkxLTQ5OWYtOGVkZC1mYzA0NjI1MzkxZjkiLCJvYXV0aF90b2tlbiI6Ijc3LS1kNDFmNTUxZS01NjlhLTQ5M2ItYmY5ZS0yYTRhOWE0ZjE1NTIiLCJ4b2F1dGhfcmVxdWVzdF9hdXRoX3VybCI6Imh0dHBzOi8vYXBpLmxpbmtlZGluLmNvbS91YXMvb2F1dGgvYXV0aG9yaXplIiwib2F1dGhfZXhwaXJlc19pbiI6IjU5OSIsIm9hdXRoX2NhbGxiYWNrX2NvbmZpcm1lZCI6InRydWUifSwic29jaWFsYWNjb3VudF9zdGF0ZSI6W3sicHJvY2VzcyI6ImxvZ2luIiwic2NvcGUiOiIiLCJhdXRoX3BhcmFtcyI6IiJ9LCJ0WTM4MTJZS1VuV0YiXX0=','2015-07-21 19:11:26'),('vsp9k7e9fiiva591m46sgcfhmdpc5qwh','NWViMjhlODFjYTlkZDY4OTdhNGJkZmI3NWZhOGFkNGFiMDk0ZjBkZTp7fQ==','2015-07-02 12:56:14'),('w10xkhr5gtxvog8dkjbg3h1vamuaij1n','ZDQyNTdmZjRlZDQ3ZDBiNTZiMDExYzJiM2JiM2FiYWNhY2Q0Y2IxNzp7InNvY2lhbGFjY291bnRfc3RhdGUiOlt7InByb2Nlc3MiOiJsb2dpbiIsInNjb3BlIjoiIiwiYXV0aF9wYXJhbXMiOiIifSwiUVZkZTgyM0M0bDVCIl19','2015-06-11 20:56:06'),('w1xpbnct4hdd19nqvkux12n1c8husw25','N2FhZTg0YjE4NDMyYjMwMDkwYTZkMjA3ZTQ4NTI0ZjM4NTRlNjdjODp7InNvY2lhbGFjY291bnRfc3RhdGUiOlt7InByb2Nlc3MiOiJsb2dpbiIsInNjb3BlIjoiIiwiYXV0aF9wYXJhbXMiOiIifSwiQlN3OE1LSXE3NHROIl19','2015-07-02 02:41:54'),('w2vsjg1wbg75w9jrq13n918hw57acwdb','YWJlZmE5MTI0MmVkMWUxOWZiN2M0MjI0MjA0M2JjNjU3NTUxMDdmYTp7Im9hdXRoX2FwaS5saW5rZWRpbi5jb21fcmVxdWVzdF90b2tlbiI6eyJvYXV0aF90b2tlbl9zZWNyZXQiOiJhZjE2MzcwNi04ZWJmLTRmNTAtYjQwNy1hM2U5MjQxNTYxMDEiLCJvYXV0aF90b2tlbiI6Ijc3LS0xMDVjYmRjNi0zNWIyLTQwYjAtODNiYS1hODMyNTQ3YzAzYTMiLCJ4b2F1dGhfcmVxdWVzdF9hdXRoX3VybCI6Imh0dHBzOi8vYXBpLmxpbmtlZGluLmNvbS91YXMvb2F1dGgvYXV0aG9yaXplIiwib2F1dGhfZXhwaXJlc19pbiI6IjU5OSIsIm9hdXRoX2NhbGxiYWNrX2NvbmZpcm1lZCI6InRydWUifSwic29jaWFsYWNjb3VudF9zdGF0ZSI6W3sicHJvY2VzcyI6ImNvbm5lY3QiLCJzY29wZSI6IiIsImF1dGhfcGFyYW1zIjoiIn0sIkVPMFJHbXNIcG1KQyJdfQ==','2015-07-03 07:32:15'),('w5xbyre43gndzwb0a4c0gpqc9ta4rx0i','OTJmZWQyMjhlNzQ4MmM1Yzk1NmI3N2M4YTJkOGMwMzhkYzk4OGNkZjp7Il9hdXRoX3VzZXJfaGFzaCI6IjliNTdlODVjOTA3ZjhlMjkxZjdhZDZkNDJjNDMxOWUxOGZkODY1OWQiLCJfYXV0aF91c2VyX2JhY2tlbmQiOiJhbGxhdXRoLmFjY291bnQuYXV0aF9iYWNrZW5kcy5BdXRoZW50aWNhdGlvbkJhY2tlbmQiLCJfYXV0aF91c2VyX2lkIjoyOCwiYWNjb3VudF92ZXJpZmllZF9lbWFpbCI6bnVsbH0=','2015-06-09 23:44:38'),('wdu1cep5f31ctkztntfb19uk9dt2v5e2','NGFjZmU0ODdkZGE1MjUwODEyNzU5ZjA2Mzg0NzU2ZDFhZWMxNWEzYjp7Il9hdXRoX3VzZXJfaGFzaCI6IjViYmU1YzQ2MDJiY2RiNzc5NzA4Njk0ZDFhZGI0ZmU4YWIzMzgwMTYiLCJfYXV0aF91c2VyX2JhY2tlbmQiOiJkamFuZ28uY29udHJpYi5hdXRoLmJhY2tlbmRzLk1vZGVsQmFja2VuZCIsIl9hdXRoX3VzZXJfaWQiOjF9','2015-06-28 13:03:19'),('whqelqb4kb379iaqyt5hm52hj7zs1h05','ZTJiYTU5ODI5MjIzYjI5MDYyMTBiY2IxNzZkMDcwOTRjOGM5MzYzYzp7Im9hdXRoX2FwaS5saW5rZWRpbi5jb21fcmVxdWVzdF90b2tlbiI6eyJvYXV0aF90b2tlbl9zZWNyZXQiOiIzNTViYWVlZi1iY2M3LTRiMTMtOTZjYi1kNjg0NzI0YTcwZWYiLCJvYXV0aF90b2tlbiI6Ijc3LS0wNjAzYWExZC1jNjlhLTQwNzktOWM2MC04NzNjNmJmOGEzNTYiLCJ4b2F1dGhfcmVxdWVzdF9hdXRoX3VybCI6Imh0dHBzOi8vYXBpLmxpbmtlZGluLmNvbS91YXMvb2F1dGgvYXV0aG9yaXplIiwib2F1dGhfZXhwaXJlc19pbiI6IjU5OSIsIm9hdXRoX2NhbGxiYWNrX2NvbmZpcm1lZCI6InRydWUifSwic29jaWFsYWNjb3VudF9zdGF0ZSI6W3sicHJvY2VzcyI6ImxvZ2luIiwic2NvcGUiOiIiLCJhdXRoX3BhcmFtcyI6IiJ9LCJBZko3TDFmbGtkTG0iXX0=','2015-07-07 15:44:26'),('wixrvvkjybrv8gbl6ofy6w5asdyyrqk3','ZGI4ZTdmOTIyMzI3ZmUxNmI5ZmVmOWEzMmQ4OGQzZDI2NmZlNGUxZDp7Im9hdXRoX2FwaS5saW5rZWRpbi5jb21fcmVxdWVzdF90b2tlbiI6eyJvYXV0aF90b2tlbl9zZWNyZXQiOiIyZDg0MWViZS02ZDIyLTQ3NzEtYmVmZS01NDQwNDE2MzgyNjYiLCJvYXV0aF90b2tlbiI6Ijc3LS0xYTRiMjg5Ny01NjRhLTRlZWUtYjBiZC02ZDgwNmRlNWZlMmEiLCJ4b2F1dGhfcmVxdWVzdF9hdXRoX3VybCI6Imh0dHBzOi8vYXBpLmxpbmtlZGluLmNvbS91YXMvb2F1dGgvYXV0aG9yaXplIiwib2F1dGhfZXhwaXJlc19pbiI6IjU5OSIsIm9hdXRoX2NhbGxiYWNrX2NvbmZpcm1lZCI6InRydWUifSwic29jaWFsYWNjb3VudF9zdGF0ZSI6W3sicHJvY2VzcyI6ImxvZ2luIiwic2NvcGUiOiIiLCJhdXRoX3BhcmFtcyI6IiJ9LCJWR2FwUUpvU1lZaEoiXX0=','2015-07-12 07:11:58'),('wjc89ktrfdtzzyzarzpco0smw1rd2doe','MzUwZWMzNGUzZTQxZjM4Mjg1NWQ1ODg4YTM1MjQyZWQ0OTA3NGRiMTp7InNvY2lhbGFjY291bnRfc3RhdGUiOlt7InByb2Nlc3MiOiJjb25uZWN0Iiwic2NvcGUiOiIiLCJhdXRoX3BhcmFtcyI6IiJ9LCJKZTNqVGlrbjVtTlAiXX0=','2015-07-04 08:51:17'),('wkakxw9o7dy3jm50bfi5yrpqzjr8sste','YmVhYmUyNDljNmQ1NTI0MTVkZmRkODgwZjIxYjQwMWU1ODgyYmE2ZTp7InNvY2lhbGFjY291bnRfc3RhdGUiOlt7InByb2Nlc3MiOiJjb25uZWN0Iiwic2NvcGUiOiIiLCJhdXRoX3BhcmFtcyI6IiJ9LCJoano4YTBsaGU2SmwiXX0=','2015-07-02 02:41:54'),('wkgqesg0app2kvq5s3t0jrefpbzcyjkq','NTZlZTE5MGU5Yzk4NjQwOTA1OWUxY2FhZDc0ZTJiNzNiZjFiN2M4Njp7InNvY2lhbGFjY291bnRfc3RhdGUiOlt7InByb2Nlc3MiOiJjb25uZWN0Iiwic2NvcGUiOiIiLCJhdXRoX3BhcmFtcyI6IiJ9LCJoWGRsc1Z3M1h3dDgiXX0=','2015-07-26 16:17:11'),('wl8m9kzm65aqu1eds6k4w3rr9u3vmh9i','ZGU0MDJjOTkxNmNlMWM5NDk3YTIxMjEyMmU4ODQyNDI1ZjkyOTIxNzp7InNvY2lhbGFjY291bnRfc3RhdGUiOlt7InByb2Nlc3MiOiJsb2dpbiIsInNjb3BlIjoiIiwiYXV0aF9wYXJhbXMiOiIifSwiSEFZNGc2Z09adktaIl19','2015-07-13 10:03:22'),('wq9gqxuk5io4cn7nkag8es4gwqlwzbu9','YjViMmEzMTdjMzUyYmZlZjFiMWM2ODQ0YzZiOTc1MzUwYWU1ODlhMzp7Il9hdXRoX3VzZXJfaGFzaCI6IjZmMjczN2Q1NzM0MDE4ODlkNmI5NzcwNDQ1NDJjZTgxZmVjNWY3ZDMiLCJfYXV0aF91c2VyX2JhY2tlbmQiOiJkamFuZ28uY29udHJpYi5hdXRoLmJhY2tlbmRzLk1vZGVsQmFja2VuZCIsIl9hdXRoX3VzZXJfaWQiOjQxfQ==','2015-07-06 12:56:12'),('wtzngsazxk5sfvj9uu08mjmf5n7cumh5','NWViMjhlODFjYTlkZDY4OTdhNGJkZmI3NWZhOGFkNGFiMDk0ZjBkZTp7fQ==','2015-07-27 05:16:09'),('wudkd6clp8j582orfquwb9k5eol22pgx','NWViMjhlODFjYTlkZDY4OTdhNGJkZmI3NWZhOGFkNGFiMDk0ZjBkZTp7fQ==','2015-06-05 10:36:44'),('wujdvjmt6xcirjetthjelkqeejp17mpt','ZDUxYmQ5MmJjZTQ5ZmIwMzE1Zjc4ZTdiODVlYWQxODEyYTNhNTNlZjp7Im9hdXRoX2FwaS5saW5rZWRpbi5jb21fcmVxdWVzdF90b2tlbiI6eyJvYXV0aF90b2tlbl9zZWNyZXQiOiJmNmJmMGRkYy01NDYwLTQ1N2MtOWJhMC1hZTMyMDgxZTM1YjciLCJvYXV0aF90b2tlbiI6Ijc3LS0wODU4ZTk4OC01MmQwLTQyYjEtYmJiMy0xMGYwODNlMTlhZWQiLCJ4b2F1dGhfcmVxdWVzdF9hdXRoX3VybCI6Imh0dHBzOi8vYXBpLmxpbmtlZGluLmNvbS91YXMvb2F1dGgvYXV0aG9yaXplIiwib2F1dGhfZXhwaXJlc19pbiI6IjU5OSIsIm9hdXRoX2NhbGxiYWNrX2NvbmZpcm1lZCI6InRydWUifSwic29jaWFsYWNjb3VudF9zdGF0ZSI6W3sicHJvY2VzcyI6ImNvbm5lY3QiLCJzY29wZSI6IiIsImF1dGhfcGFyYW1zIjoiIn0sIjRuS0RKblh2ZWRabiJdfQ==','2015-07-16 07:57:45'),('wxhi4jr46joeyjztj14y9sk0e3hlnm8i','ODdmNTMxOGFkNTU4YzVjYTU4ODE4ZDA1YmFiMmNlYzRkNmVhNDk3ZTp7InNvY2lhbGFjY291bnRfc3RhdGUiOlt7InByb2Nlc3MiOiJsb2dpbiIsInNjb3BlIjoiIiwiYXV0aF9wYXJhbXMiOiIifSwiTFdDeW9rRFNiV1ZsIl19','2015-07-24 16:32:07'),('wzrjnyj233sfa7n5273g3fbv3ty04mcv','NWViMjhlODFjYTlkZDY4OTdhNGJkZmI3NWZhOGFkNGFiMDk0ZjBkZTp7fQ==','2015-07-11 10:19:01'),('x74tqdhonzrvsbrmfalcoon49cuioncv','ZDM5OTgwOWY1OWQzYzlmZTIxMzQ3NmYwZjAyY2EyMDU2NDQzNTAyNTp7InNvY2lhbGFjY291bnRfc3RhdGUiOlt7InByb2Nlc3MiOiJsb2dpbiIsInNjb3BlIjoiIiwiYXV0aF9wYXJhbXMiOiIifSwiazVXSzlYN2ZEZ3ZUIl19','2015-07-05 19:01:39'),('x755pmzp689n5urvt8cvci0gu8nc6uae','MDVmZjgyNDczNmFkMzQ5MmVjNjhiNTRmNDBkMDgzMDY0MTk3ZTJmODp7InNvY2lhbGFjY291bnRfc3RhdGUiOlt7InByb2Nlc3MiOiJsb2dpbiIsInNjb3BlIjoiIiwiYXV0aF9wYXJhbXMiOiIifSwiNjl5WmR4aklBc3liIl19','2015-07-05 19:02:36'),('xmku8fjwrvtzl423qfkzqzey28l80cjn','Y2M3MWYxZmFjY2Q4MDQzYzdjNDBkYzgyMDZhYmY3ZmYxYTM1Y2M4ZTp7InNvY2lhbGFjY291bnRfc3RhdGUiOlt7InByb2Nlc3MiOiJjb25uZWN0Iiwic2NvcGUiOiIiLCJhdXRoX3BhcmFtcyI6IiJ9LCJoUlBhQXBNcHRqN2EiXX0=','2015-07-01 10:23:30'),('xqnad8od2se8xxuavsm47sd1pofzb3os','YTA4MzJiNDhmNWZiYzc0YTI1MDAzMmQ0ZmIwNWZjZTNkMzNlN2FlNzp7InNvY2lhbGFjY291bnRfc3RhdGUiOlt7InByb2Nlc3MiOiJjb25uZWN0Iiwic2NvcGUiOiIiLCJhdXRoX3BhcmFtcyI6IiJ9LCJIVDlVVDhnT1dDQVgiXX0=','2015-07-07 11:58:23'),('xvbs0htd11i30v92matdb9nfp032f0hy','NGFjZmU0ODdkZGE1MjUwODEyNzU5ZjA2Mzg0NzU2ZDFhZWMxNWEzYjp7Il9hdXRoX3VzZXJfaGFzaCI6IjViYmU1YzQ2MDJiY2RiNzc5NzA4Njk0ZDFhZGI0ZmU4YWIzMzgwMTYiLCJfYXV0aF91c2VyX2JhY2tlbmQiOiJkamFuZ28uY29udHJpYi5hdXRoLmJhY2tlbmRzLk1vZGVsQmFja2VuZCIsIl9hdXRoX3VzZXJfaWQiOjF9','2015-06-14 16:52:46'),('xvpq6zmgae09estnon8ng9q3599jagzv','ZDNiMDlkZWViNDJjNGMzYWM0MzQzYWZkYmEwMzBjNjFkZDhlYjUzZDp7InNvY2lhbGFjY291bnRfc3RhdGUiOlt7InByb2Nlc3MiOiJsb2dpbiIsInNjb3BlIjoiIiwiYXV0aF9wYXJhbXMiOiIifSwiRG5WNWVzOEJ6dkhXIl19','2015-06-03 18:17:16'),('xx9uo42nkpd1fswx8fmt2m5rhg9s7492','NTkyZmJiM2FkZjAxZTY1OTI3MWNjZWY2ZDNhYmVkODk3YmRiM2RlYTp7Im9hdXRoX2FwaS5saW5rZWRpbi5jb21fcmVxdWVzdF90b2tlbiI6eyJvYXV0aF90b2tlbl9zZWNyZXQiOiI5MGYyZWFkNS01YTc0LTRkYmItOGY2My02NTEzNGE2MGRiZDAiLCJvYXV0aF90b2tlbiI6Ijc3LS1kMDcyNmNlMi1lZDE5LTQ3YTctOWE5NC1lODMxMmM1YjJkNDQiLCJ4b2F1dGhfcmVxdWVzdF9hdXRoX3VybCI6Imh0dHBzOi8vYXBpLmxpbmtlZGluLmNvbS91YXMvb2F1dGgvYXV0aG9yaXplIiwib2F1dGhfZXhwaXJlc19pbiI6IjU5OSIsIm9hdXRoX2NhbGxiYWNrX2NvbmZpcm1lZCI6InRydWUifSwic29jaWFsYWNjb3VudF9zdGF0ZSI6W3sicHJvY2VzcyI6ImxvZ2luIiwic2NvcGUiOiIiLCJhdXRoX3BhcmFtcyI6IiJ9LCJ5OTdxSDRKUmx0VEgiXX0=','2015-06-15 14:20:55'),('y1aeys5nup8cmpu6itaqldv0ilm71mat','MjM0M2E1MTU4MWY3YmEyYzIwYmUzNjUxM2ZlZjA4OWQwZjIxYjliZjp7InNvY2lhbGFjY291bnRfc3RhdGUiOlt7InByb2Nlc3MiOiJjb25uZWN0Iiwic2NvcGUiOiIiLCJhdXRoX3BhcmFtcyI6IiJ9LCJYSUl0czlucHkxRjciXX0=','2015-07-25 08:51:07'),('y4khyudfmuzqs3b7nnfwojceq0z1r4q9','OWY2YTE1N2YyMWU4NjgyZjQ0NTM3N2MxNDY1NTRkMjBiYThkZWYxYTp7Im9hdXRoX2FwaS5saW5rZWRpbi5jb21fcmVxdWVzdF90b2tlbiI6eyJvYXV0aF90b2tlbl9zZWNyZXQiOiI3ZWNhZDIxYi02NWJiLTQxNjMtYWQyNS1kNmM2NjkyNmRmZWQiLCJvYXV0aF90b2tlbiI6Ijc3LS0zNmZmYjA1My0yMjJjLTQ1MmEtOTc5OS03NjVlYTgyMmJlOWEiLCJ4b2F1dGhfcmVxdWVzdF9hdXRoX3VybCI6Imh0dHBzOi8vYXBpLmxpbmtlZGluLmNvbS91YXMvb2F1dGgvYXV0aG9yaXplIiwib2F1dGhfZXhwaXJlc19pbiI6IjU5OSIsIm9hdXRoX2NhbGxiYWNrX2NvbmZpcm1lZCI6InRydWUifSwic29jaWFsYWNjb3VudF9zdGF0ZSI6W3sicHJvY2VzcyI6ImNvbm5lY3QiLCJzY29wZSI6IiIsImF1dGhfcGFyYW1zIjoiIn0sIlFGeE1YckE5RkduQyJdfQ==','2015-07-25 08:51:07'),('yb99b3fajs0q6p4v5sa1sdmleff32cmr','NWViMjhlODFjYTlkZDY4OTdhNGJkZmI3NWZhOGFkNGFiMDk0ZjBkZTp7fQ==','2015-06-10 09:53:24'),('ydiijxx4eefgzg8h4o95vg9flh0dfxqh','NWViMjhlODFjYTlkZDY4OTdhNGJkZmI3NWZhOGFkNGFiMDk0ZjBkZTp7fQ==','2015-06-09 13:48:01'),('yjxrttfc0yqz146nr0c6zz4xcem8itdq','NWEzZWQyNmMwZWY4N2VhOWMyMGM1ZjA1YzhkZWM3NzNlOTQ3ZmY4OTp7Im9hdXRoX2FwaS5saW5rZWRpbi5jb21fcmVxdWVzdF90b2tlbiI6eyJvYXV0aF90b2tlbl9zZWNyZXQiOiJhMTJmZTE5NC0yOGIwLTQxNTYtOWQwMy1hZTc4YWE0MDc4NWEiLCJvYXV0aF90b2tlbiI6Ijc3LS1jNWExODc0ZC03MWJjLTQwMjctOThiMC1kZTI0YWRlMjBkYzYiLCJ4b2F1dGhfcmVxdWVzdF9hdXRoX3VybCI6Imh0dHBzOi8vYXBpLmxpbmtlZGluLmNvbS91YXMvb2F1dGgvYXV0aG9yaXplIiwib2F1dGhfZXhwaXJlc19pbiI6IjU5OSIsIm9hdXRoX2NhbGxiYWNrX2NvbmZpcm1lZCI6InRydWUifSwic29jaWFsYWNjb3VudF9zdGF0ZSI6W3sicHJvY2VzcyI6ImxvZ2luIiwic2NvcGUiOiIiLCJhdXRoX3BhcmFtcyI6IiJ9LCJPenRMTDUwdERKTFkiXX0=','2015-07-06 15:39:33'),('ylkge3auykof712mvyndi8qp8b5mkpbj','ZjM1YmI3MzZiOTAyMjFiZjQxZmQ5YTJiYmI1YWEyNzZiNTE3MWRhNjp7InNvY2lhbGFjY291bnRfc3RhdGUiOlt7InByb2Nlc3MiOiJjb25uZWN0Iiwic2NvcGUiOiIiLCJhdXRoX3BhcmFtcyI6IiJ9LCJCdUtoOUdKYnZnTTkiXX0=','2015-07-11 08:51:32'),('ynjha4tf8k2m0m1zuyujwtbrgboms4x3','ODBlMWRkZWQ3ZTY1MGIwOTkwYmMyN2RhYWY5YjBmMzRkYTZhMDE0Nzp7ImFsbGF1dGhfZmFjZWJvb2tfbm9uY2UiOiJNYkROQXVDMFZzSmIwcU5XVzgzVFdsVXVUS2xOVVhCQiJ9','2015-06-01 00:09:36'),('yp25q3lt0k9kqbo57erk30ewtr9tserv','OTRhYjQxZjQ2MzFiYjE3MGRiYTI1ODc1MTY3MDE1OTAyOWJhOTZmYTp7InNvY2lhbGFjY291bnRfc3RhdGUiOlt7InByb2Nlc3MiOiJjb25uZWN0Iiwic2NvcGUiOiIiLCJhdXRoX3BhcmFtcyI6IiJ9LCI3NThvYnQxd2lnaWsiXX0=','2015-07-11 06:55:27'),('ypmf8ophqvlaltjmg1rfde5fj1qk2a0s','ZDY1MjBhNjVjNTg5ZDZhNTg2MWM4NTE5NWNlZmM4YmNlMjMwYTllMjp7InNvY2lhbGFjY291bnRfc3RhdGUiOlt7InByb2Nlc3MiOiJsb2dpbiIsInNjb3BlIjoiIiwiYXV0aF9wYXJhbXMiOiIifSwic0xENUxOTmZydzEwIl19','2015-07-03 19:02:21'),('yrwf1aighyj48241tt24oicd6ltih0xn','NWViMjhlODFjYTlkZDY4OTdhNGJkZmI3NWZhOGFkNGFiMDk0ZjBkZTp7fQ==','2015-07-03 07:37:18'),('ys48poi4pcnrvgftmys46ysb4w6hiwwf','Mjc2ODk3YzhlMjNjZGQ1YmMzNDIzYjZlMjRlZGMxMTliMDEzNDQ2NTp7InNvY2lhbGFjY291bnRfc3RhdGUiOlt7InByb2Nlc3MiOiJjb25uZWN0Iiwic2NvcGUiOiIiLCJhdXRoX3BhcmFtcyI6IiJ9LCJvWFUwNUQ4bVJUSHMiXX0=','2015-07-02 02:10:02'),('yvtpfml9x3phmtbt985nmqvoqvnvri5p','N2I1MjdjMDdlZTYwYzhlNDE2NTc1MzEzODEwNmY2NzIwYjQ5Mzc2ZTp7InNvY2lhbGFjY291bnRfc3RhdGUiOlt7InByb2Nlc3MiOiJsb2dpbiIsInNjb3BlIjoiIiwiYXV0aF9wYXJhbXMiOiIifSwibTNiTW80ZEVuMUJ1Il19','2015-05-27 12:35:55'),('yxmb72xm20us7vvfsdw0ob2owqx42qa1','ODUxMjFhMTkxZjlhODYyZDFjN2VhZWU4NzJkNDBiZjRmODI3YjA4MTp7Il9hdXRoX3VzZXJfaGFzaCI6ImZjOGNkZjc1N2EyYzg3ZDJhZjVlYzlkYWE2NDAyNTMyOTMyYTA2YjAiLCJfYXV0aF91c2VyX2JhY2tlbmQiOiJkamFuZ28uY29udHJpYi5hdXRoLmJhY2tlbmRzLk1vZGVsQmFja2VuZCIsIl9hdXRoX3VzZXJfaWQiOjU2fQ==','2015-07-24 17:15:16'),('yz3o163trj02mp6ixb30faw2cbysoe4n','NGFjZmU0ODdkZGE1MjUwODEyNzU5ZjA2Mzg0NzU2ZDFhZWMxNWEzYjp7Il9hdXRoX3VzZXJfaGFzaCI6IjViYmU1YzQ2MDJiY2RiNzc5NzA4Njk0ZDFhZGI0ZmU4YWIzMzgwMTYiLCJfYXV0aF91c2VyX2JhY2tlbmQiOiJkamFuZ28uY29udHJpYi5hdXRoLmJhY2tlbmRzLk1vZGVsQmFja2VuZCIsIl9hdXRoX3VzZXJfaWQiOjF9','2015-06-29 07:08:00'),('z2jzsxk1iu8oflbl55fzk8xst8vtdr9e','N2QxMjVhMmQ3YzkzMjE4MDkwODQ5ZTYwMDhmNmZmNWUzODQwZmM1MDp7InNvY2lhbGFjY291bnRfc3RhdGUiOlt7InByb2Nlc3MiOiJjb25uZWN0Iiwic2NvcGUiOiIiLCJhdXRoX3BhcmFtcyI6IiJ9LCJjUHVuYkM1RDFVRloiXX0=','2015-07-03 07:32:14'),('z3gbum23siwcm4uaw27uo1fmmzh7765d','NDJjNjNlYjM2ODAxMjNmMzhlNTgzN2IwOWM1ODE3OGFmZWJlNTExZTp7Im9hdXRoX2FwaS5saW5rZWRpbi5jb21fcmVxdWVzdF90b2tlbiI6eyJvYXV0aF90b2tlbl9zZWNyZXQiOiJiZGMxOTk4Yi05Y2ZmLTQyOTItYWM2NC00M2NlYTM5YWMwZWEiLCJvYXV0aF90b2tlbiI6Ijc3LS0yOGVhZmY4NC0yMjEzLTQxYmQtODBiZC0zOGJjYTYxYjJlNTkiLCJ4b2F1dGhfcmVxdWVzdF9hdXRoX3VybCI6Imh0dHBzOi8vYXBpLmxpbmtlZGluLmNvbS91YXMvb2F1dGgvYXV0aG9yaXplIiwib2F1dGhfZXhwaXJlc19pbiI6IjU5OSIsIm9hdXRoX2NhbGxiYWNrX2NvbmZpcm1lZCI6InRydWUifSwic29jaWFsYWNjb3VudF9zdGF0ZSI6W3sicHJvY2VzcyI6ImxvZ2luIiwic2NvcGUiOiIiLCJhdXRoX3BhcmFtcyI6IiJ9LCJ3MGVPVWJZbWNpUE0iXX0=','2015-07-04 08:51:13'),('z3ti4dswou49v1eu5zvhhl62ix25jxtq','N2U0ZTc0MDZhODgwZDc0Zjc5ZTE1YWI3MjEwODU5NTI5MmMxZGUyMjp7InNvY2lhbGFjY291bnRfc3RhdGUiOlt7InByb2Nlc3MiOiJjb25uZWN0Iiwic2NvcGUiOiIiLCJhdXRoX3BhcmFtcyI6IiJ9LCJ5Q3pkNkRpa04yQXEiXX0=','2015-07-02 14:08:53'),('z4mdo8soq3uym3zfszv6t4rwbq66dao7','ZTQxZjdlN2YwZDMxMWM3YWYwNzY4MjE1NmJkNDAwNjkyODBiNjYwOTp7Im9hdXRoX2FwaS5saW5rZWRpbi5jb21fcmVxdWVzdF90b2tlbiI6eyJvYXV0aF90b2tlbl9zZWNyZXQiOiI3NTIwZDFmYi00NjA2LTQwNTYtYTVmMi0xNzcyNGZjYmRlNjkiLCJvYXV0aF90b2tlbiI6Ijc3LS1iOGZmYmIyMS03NjIxLTRmNzItYWJjOC1mMjQwMjZkN2M1ZTgiLCJ4b2F1dGhfcmVxdWVzdF9hdXRoX3VybCI6Imh0dHBzOi8vYXBpLmxpbmtlZGluLmNvbS91YXMvb2F1dGgvYXV0aG9yaXplIiwib2F1dGhfZXhwaXJlc19pbiI6IjU5OSIsIm9hdXRoX2NhbGxiYWNrX2NvbmZpcm1lZCI6InRydWUifSwic29jaWFsYWNjb3VudF9zdGF0ZSI6W3sicHJvY2VzcyI6ImxvZ2luIiwic2NvcGUiOiIiLCJhdXRoX3BhcmFtcyI6IiJ9LCJ1N2w3VWV4SzdZbXoiXX0=','2015-06-11 21:00:14'),('z7z4iu7ra6jxq5os5e8indan9d7ss0bg','N2EyYTEzZGUzMzU5YWU0YWUwNjcyMDk0Mjg5MDZmOWU2ZDVjZWQ2OTp7Im9hdXRoX2FwaS5saW5rZWRpbi5jb21fcmVxdWVzdF90b2tlbiI6eyJvYXV0aF90b2tlbl9zZWNyZXQiOiJkYzFjNDhhOC0zNzIwLTRmYmMtYTcxYy05NTcwNzQ0ZGI1OWEiLCJvYXV0aF90b2tlbiI6Ijc3LS01ZWQxOTBkMC0xYjY0LTQyYzctYjMxNy05YTQyMWI1NGQ4NzAiLCJ4b2F1dGhfcmVxdWVzdF9hdXRoX3VybCI6Imh0dHBzOi8vYXBpLmxpbmtlZGluLmNvbS91YXMvb2F1dGgvYXV0aG9yaXplIiwib2F1dGhfZXhwaXJlc19pbiI6IjU5OSIsIm9hdXRoX2NhbGxiYWNrX2NvbmZpcm1lZCI6InRydWUifSwic29jaWFsYWNjb3VudF9zdGF0ZSI6W3sicHJvY2VzcyI6ImNvbm5lY3QiLCJzY29wZSI6IiIsImF1dGhfcGFyYW1zIjoiIn0sIjQxNUFJZExTV0I4MSJdfQ==','2015-07-02 02:10:05'),('zco50io7szh1mocfsptzjykihbkv6in4','YjQwNjdmNWUyN2EwOWY5MDhlNzQ2MmE1NzhmY2VhYWM1ZjdlYTJlNzp7Im9hdXRoX2FwaS5saW5rZWRpbi5jb21fcmVxdWVzdF90b2tlbiI6eyJvYXV0aF90b2tlbl9zZWNyZXQiOiJjNThkZGM3NC1mMDA0LTQ3NWItOGRhNC1iYjZmMzlhOTA4MjUiLCJvYXV0aF90b2tlbiI6Ijc3LS1mMmNhNDc3Yi1kZjE4LTQ2ZTgtOTAwOS05YTMzYzc3MGE5OGQiLCJ4b2F1dGhfcmVxdWVzdF9hdXRoX3VybCI6Imh0dHBzOi8vYXBpLmxpbmtlZGluLmNvbS91YXMvb2F1dGgvYXV0aG9yaXplIiwib2F1dGhfZXhwaXJlc19pbiI6IjU5OSIsIm9hdXRoX2NhbGxiYWNrX2NvbmZpcm1lZCI6InRydWUifSwic29jaWFsYWNjb3VudF9zdGF0ZSI6W3sicHJvY2VzcyI6ImxvZ2luIiwic2NvcGUiOiIiLCJhdXRoX3BhcmFtcyI6IiJ9LCI4MHF3ZmlNY2U4ZHMiXX0=','2015-07-25 08:51:03'),('zdx5vzresob5ubspna98nya7g0n671j3','NDE3MDUzOTZhMzlmMTVkOTZjZmQyOTEzYzg0YzU3NTg2YzNiNTRmMDp7Im9hdXRoX2FwaS5saW5rZWRpbi5jb21fcmVxdWVzdF90b2tlbiI6eyJvYXV0aF90b2tlbl9zZWNyZXQiOiI4M2ZkYzU3MC1hN2U5LTRkMjAtOGMyZS1jNzg1MDI4ZjVlNWEiLCJvYXV0aF90b2tlbiI6Ijc3LS1iMDZiMGEwMS0wOGE0LTQyOTAtOTZhNy1hOWRkOWMzMThlMzYiLCJ4b2F1dGhfcmVxdWVzdF9hdXRoX3VybCI6Imh0dHBzOi8vYXBpLmxpbmtlZGluLmNvbS91YXMvb2F1dGgvYXV0aG9yaXplIiwib2F1dGhfZXhwaXJlc19pbiI6IjU5OSIsIm9hdXRoX2NhbGxiYWNrX2NvbmZpcm1lZCI6InRydWUifSwic29jaWFsYWNjb3VudF9zdGF0ZSI6W3sicHJvY2VzcyI6ImxvZ2luIiwic2NvcGUiOiIiLCJhdXRoX3BhcmFtcyI6IiJ9LCJiNkZBRHBmRGlOcFYiXX0=','2015-06-13 05:54:36'),('zkh0m107mwbpbr0honee98loxh3nzo2q','YWE3ZTk1NWQyN2NhNGFkYTdmMzlkY2FkMTVhMDIzMDM4MWVhNzY2Njp7Il9hdXRoX3VzZXJfaGFzaCI6ImJmMmYwY2IxYTRhOTZlMDQzZWMzZmM4OTc0ZDQ0N2Y0NDE5OWY5OTMiLCJfYXV0aF91c2VyX2JhY2tlbmQiOiJkamFuZ28uY29udHJpYi5hdXRoLmJhY2tlbmRzLk1vZGVsQmFja2VuZCIsIl9hdXRoX3VzZXJfaWQiOjM0fQ==','2015-06-15 06:21:28'),('znpr3ijqv62h3ozpspou03q2vpylsqnp','NWViMjhlODFjYTlkZDY4OTdhNGJkZmI3NWZhOGFkNGFiMDk0ZjBkZTp7fQ==','2015-07-01 16:07:10'),('zo4g836c8zss0oc45vfjq2povsh802ma','OGZhN2RiNDE1NjE5MWExZWIyNjEzMTc2Yzc0YTNiZDNjZTQyMjE0OTp7InNvY2lhbGFjY291bnRfc3RhdGUiOlt7InByb2Nlc3MiOiJsb2dpbiIsInNjb3BlIjoiIiwiYXV0aF9wYXJhbXMiOiIifSwiVFEyRTU3SUxwSkNIIl19','2015-06-02 21:10:19'),('zrz0y7pi8rl2fm8i5lbk65sdgg25t29n','YWIxOWU0YjVlN2E2Y2ZlMzRlMGUyYThlY2NlOTViYTc0OWUwZDk2Zjp7Il9hdXRoX3VzZXJfaGFzaCI6ImZjOGNkZjc1N2EyYzg3ZDJhZjVlYzlkYWE2NDAyNTMyOTMyYTA2YjAiLCJfYXV0aF91c2VyX2JhY2tlbmQiOiJkamFuZ28uY29udHJpYi5hdXRoLmJhY2tlbmRzLk1vZGVsQmFja2VuZCIsIl9hdXRoX3VzZXJfaWQiOjU4fQ==','2015-07-26 06:01:23'),('zyso4qw5galudfte1wdtpyoebpkvrdf9','MmMxZTk0ZjdmOTU0YzBiNGYxZGU3NDU0N2JkMWQxOWFlMWI0NDdhYjp7InNvY2lhbGFjY291bnRfc3RhdGUiOlt7InByb2Nlc3MiOiJsb2dpbiIsInNjb3BlIjoiIiwiYXV0aF9wYXJhbXMiOiIifSwiWEk3dDNwcUMwOFpWIl19','2015-06-04 04:16:08');
/*!40000 ALTER TABLE `django_session` ENABLE KEYS */;
UNLOCK TABLES;

--
-- Table structure for table `django_site`
--

DROP TABLE IF EXISTS `django_site`;
/*!40101 SET @saved_cs_client     = @@character_set_client */;
/*!40101 SET character_set_client = utf8 */;
CREATE TABLE `django_site` (
  `id` int(11) NOT NULL AUTO_INCREMENT,
  `domain` varchar(100) NOT NULL,
  `name` varchar(50) NOT NULL,
  PRIMARY KEY (`id`)
) ENGINE=InnoDB AUTO_INCREMENT=2 DEFAULT CHARSET=latin1;
/*!40101 SET character_set_client = @saved_cs_client */;

--
-- Dumping data for table `django_site`
--

LOCK TABLES `django_site` WRITE;
/*!40000 ALTER TABLE `django_site` DISABLE KEYS */;
INSERT INTO `django_site` VALUES (1,'mentorbuddy.in','MentorBuddy');
/*!40000 ALTER TABLE `django_site` ENABLE KEYS */;
UNLOCK TABLES;

--
-- Table structure for table `djcelery_crontabschedule`
--

DROP TABLE IF EXISTS `djcelery_crontabschedule`;
/*!40101 SET @saved_cs_client     = @@character_set_client */;
/*!40101 SET character_set_client = utf8 */;
CREATE TABLE `djcelery_crontabschedule` (
  `id` int(11) NOT NULL AUTO_INCREMENT,
  `minute` varchar(64) NOT NULL,
  `hour` varchar(64) NOT NULL,
  `day_of_week` varchar(64) NOT NULL,
  `day_of_month` varchar(64) NOT NULL,
  `month_of_year` varchar(64) NOT NULL,
  PRIMARY KEY (`id`)
) ENGINE=InnoDB AUTO_INCREMENT=2 DEFAULT CHARSET=latin1;
/*!40101 SET character_set_client = @saved_cs_client */;

--
-- Dumping data for table `djcelery_crontabschedule`
--

LOCK TABLES `djcelery_crontabschedule` WRITE;
/*!40000 ALTER TABLE `djcelery_crontabschedule` DISABLE KEYS */;
INSERT INTO `djcelery_crontabschedule` VALUES (1,'0','4','*','*','*');
/*!40000 ALTER TABLE `djcelery_crontabschedule` ENABLE KEYS */;
UNLOCK TABLES;

--
-- Table structure for table `djcelery_intervalschedule`
--

DROP TABLE IF EXISTS `djcelery_intervalschedule`;
/*!40101 SET @saved_cs_client     = @@character_set_client */;
/*!40101 SET character_set_client = utf8 */;
CREATE TABLE `djcelery_intervalschedule` (
  `id` int(11) NOT NULL AUTO_INCREMENT,
  `every` int(11) NOT NULL,
  `period` varchar(24) NOT NULL,
  PRIMARY KEY (`id`)
) ENGINE=InnoDB AUTO_INCREMENT=3 DEFAULT CHARSET=latin1;
/*!40101 SET character_set_client = @saved_cs_client */;

--
-- Dumping data for table `djcelery_intervalschedule`
--

LOCK TABLES `djcelery_intervalschedule` WRITE;
/*!40000 ALTER TABLE `djcelery_intervalschedule` DISABLE KEYS */;
INSERT INTO `djcelery_intervalschedule` VALUES (1,20,'seconds'),(2,1800,'seconds');
/*!40000 ALTER TABLE `djcelery_intervalschedule` ENABLE KEYS */;
UNLOCK TABLES;

--
-- Table structure for table `djcelery_periodictask`
--

DROP TABLE IF EXISTS `djcelery_periodictask`;
/*!40101 SET @saved_cs_client     = @@character_set_client */;
/*!40101 SET character_set_client = utf8 */;
CREATE TABLE `djcelery_periodictask` (
  `id` int(11) NOT NULL AUTO_INCREMENT,
  `name` varchar(200) NOT NULL,
  `task` varchar(200) NOT NULL,
  `interval_id` int(11) DEFAULT NULL,
  `crontab_id` int(11) DEFAULT NULL,
  `args` longtext NOT NULL,
  `kwargs` longtext NOT NULL,
  `queue` varchar(200) DEFAULT NULL,
  `exchange` varchar(200) DEFAULT NULL,
  `routing_key` varchar(200) DEFAULT NULL,
  `expires` datetime DEFAULT NULL,
  `enabled` tinyint(1) NOT NULL,
  `last_run_at` datetime DEFAULT NULL,
  `total_run_count` int(10) unsigned NOT NULL,
  `date_changed` datetime NOT NULL,
  `description` longtext NOT NULL,
  PRIMARY KEY (`id`),
  UNIQUE KEY `name` (`name`),
  KEY `djcelery_periodictask_8905f60d` (`interval_id`),
  KEY `djcelery_periodictask_7280124f` (`crontab_id`),
  CONSTRAINT `crontab_id_refs_id_286da0d1` FOREIGN KEY (`crontab_id`) REFERENCES `djcelery_crontabschedule` (`id`),
  CONSTRAINT `interval_id_refs_id_1829f358` FOREIGN KEY (`interval_id`) REFERENCES `djcelery_intervalschedule` (`id`)
) ENGINE=InnoDB AUTO_INCREMENT=3 DEFAULT CHARSET=latin1;
/*!40101 SET character_set_client = @saved_cs_client */;

--
-- Dumping data for table `djcelery_periodictask`
--

LOCK TABLES `djcelery_periodictask` WRITE;
/*!40000 ALTER TABLE `djcelery_periodictask` DISABLE KEYS */;
INSERT INTO `djcelery_periodictask` VALUES (1,'celery.backend_cleanup','celery.backend_cleanup',NULL,1,'[]','{}',NULL,NULL,NULL,NULL,1,'2015-07-04 04:00:12',35,'2015-07-04 04:00:35',''),(2,'notify-upcoming-calls','apps.user.tasks.notify',2,NULL,'[]','{}',NULL,NULL,NULL,NULL,1,'2015-07-04 09:47:28',28323,'2015-07-04 11:32:09','');
/*!40000 ALTER TABLE `djcelery_periodictask` ENABLE KEYS */;
UNLOCK TABLES;

--
-- Table structure for table `djcelery_periodictasks`
--

DROP TABLE IF EXISTS `djcelery_periodictasks`;
/*!40101 SET @saved_cs_client     = @@character_set_client */;
/*!40101 SET character_set_client = utf8 */;
CREATE TABLE `djcelery_periodictasks` (
  `ident` smallint(6) NOT NULL,
  `last_update` datetime NOT NULL,
  PRIMARY KEY (`ident`)
) ENGINE=InnoDB DEFAULT CHARSET=latin1;
/*!40101 SET character_set_client = @saved_cs_client */;

--
-- Dumping data for table `djcelery_periodictasks`
--

LOCK TABLES `djcelery_periodictasks` WRITE;
/*!40000 ALTER TABLE `djcelery_periodictasks` DISABLE KEYS */;
INSERT INTO `djcelery_periodictasks` VALUES (1,'2015-06-07 16:24:50');
/*!40000 ALTER TABLE `djcelery_periodictasks` ENABLE KEYS */;
UNLOCK TABLES;

--
-- Table structure for table `djcelery_taskstate`
--

DROP TABLE IF EXISTS `djcelery_taskstate`;
/*!40101 SET @saved_cs_client     = @@character_set_client */;
/*!40101 SET character_set_client = utf8 */;
CREATE TABLE `djcelery_taskstate` (
  `id` int(11) NOT NULL AUTO_INCREMENT,
  `state` varchar(64) NOT NULL,
  `task_id` varchar(36) NOT NULL,
  `name` varchar(200) DEFAULT NULL,
  `tstamp` datetime NOT NULL,
  `args` longtext,
  `kwargs` longtext,
  `eta` datetime DEFAULT NULL,
  `expires` datetime DEFAULT NULL,
  `result` longtext,
  `traceback` longtext,
  `runtime` double DEFAULT NULL,
  `retries` int(11) NOT NULL,
  `worker_id` int(11) DEFAULT NULL,
  `hidden` tinyint(1) NOT NULL,
  PRIMARY KEY (`id`),
  UNIQUE KEY `task_id` (`task_id`),
  KEY `djcelery_taskstate_5654bf12` (`state`),
  KEY `djcelery_taskstate_4da47e07` (`name`),
  KEY `djcelery_taskstate_abaacd02` (`tstamp`),
  KEY `djcelery_taskstate_cac6a03d` (`worker_id`),
  KEY `djcelery_taskstate_2ff6b945` (`hidden`),
  CONSTRAINT `worker_id_refs_id_6fd8ce95` FOREIGN KEY (`worker_id`) REFERENCES `djcelery_workerstate` (`id`)
) ENGINE=InnoDB DEFAULT CHARSET=latin1;
/*!40101 SET character_set_client = @saved_cs_client */;

--
-- Dumping data for table `djcelery_taskstate`
--

LOCK TABLES `djcelery_taskstate` WRITE;
/*!40000 ALTER TABLE `djcelery_taskstate` DISABLE KEYS */;
/*!40000 ALTER TABLE `djcelery_taskstate` ENABLE KEYS */;
UNLOCK TABLES;

--
-- Table structure for table `djcelery_workerstate`
--

DROP TABLE IF EXISTS `djcelery_workerstate`;
/*!40101 SET @saved_cs_client     = @@character_set_client */;
/*!40101 SET character_set_client = utf8 */;
CREATE TABLE `djcelery_workerstate` (
  `id` int(11) NOT NULL AUTO_INCREMENT,
  `hostname` varchar(255) NOT NULL,
  `last_heartbeat` datetime DEFAULT NULL,
  PRIMARY KEY (`id`),
  UNIQUE KEY `hostname` (`hostname`),
  KEY `djcelery_workerstate_11e400ef` (`last_heartbeat`)
) ENGINE=InnoDB DEFAULT CHARSET=latin1;
/*!40101 SET character_set_client = @saved_cs_client */;

--
-- Dumping data for table `djcelery_workerstate`
--

LOCK TABLES `djcelery_workerstate` WRITE;
/*!40000 ALTER TABLE `djcelery_workerstate` DISABLE KEYS */;
/*!40000 ALTER TABLE `djcelery_workerstate` ENABLE KEYS */;
UNLOCK TABLES;

--
-- Table structure for table `djkombu_message`
--

DROP TABLE IF EXISTS `djkombu_message`;
/*!40101 SET @saved_cs_client     = @@character_set_client */;
/*!40101 SET character_set_client = utf8 */;
CREATE TABLE `djkombu_message` (
  `id` int(11) NOT NULL AUTO_INCREMENT,
  `visible` tinyint(1) NOT NULL,
  `sent_at` datetime DEFAULT NULL,
  `payload` longtext NOT NULL,
  `queue_id` int(11) NOT NULL,
  PRIMARY KEY (`id`),
  KEY `djkombu_message_5907bb86` (`visible`),
  KEY `djkombu_message_bc4c5ddc` (`sent_at`),
  KEY `djkombu_message_c80a9385` (`queue_id`),
  CONSTRAINT `queue_id_refs_id_88980102` FOREIGN KEY (`queue_id`) REFERENCES `djkombu_queue` (`id`)
) ENGINE=InnoDB DEFAULT CHARSET=latin1;
/*!40101 SET character_set_client = @saved_cs_client */;

--
-- Dumping data for table `djkombu_message`
--

LOCK TABLES `djkombu_message` WRITE;
/*!40000 ALTER TABLE `djkombu_message` DISABLE KEYS */;
/*!40000 ALTER TABLE `djkombu_message` ENABLE KEYS */;
UNLOCK TABLES;

--
-- Table structure for table `djkombu_queue`
--

DROP TABLE IF EXISTS `djkombu_queue`;
/*!40101 SET @saved_cs_client     = @@character_set_client */;
/*!40101 SET character_set_client = utf8 */;
CREATE TABLE `djkombu_queue` (
  `id` int(11) NOT NULL AUTO_INCREMENT,
  `name` varchar(200) NOT NULL,
  PRIMARY KEY (`id`),
  UNIQUE KEY `name` (`name`)
) ENGINE=InnoDB AUTO_INCREMENT=3 DEFAULT CHARSET=latin1;
/*!40101 SET character_set_client = @saved_cs_client */;

--
-- Dumping data for table `djkombu_queue`
--

LOCK TABLES `djkombu_queue` WRITE;
/*!40000 ALTER TABLE `djkombu_queue` DISABLE KEYS */;
INSERT INTO `djkombu_queue` VALUES (1,'celery'),(2,'celery@ip-172-31-41-8.celery.pidbox');
/*!40000 ALTER TABLE `djkombu_queue` ENABLE KEYS */;
UNLOCK TABLES;

--
-- Table structure for table `mentee_credits`
--

DROP TABLE IF EXISTS `mentee_credits`;
/*!40101 SET @saved_cs_client     = @@character_set_client */;
/*!40101 SET character_set_client = utf8 */;
CREATE TABLE `mentee_credits` (
  `parent_id` int(11) NOT NULL,
  `balance` double NOT NULL,
  PRIMARY KEY (`parent_id`),
  CONSTRAINT `mentee_credits_parent_id_501461cfab2f8fe3_fk_auth_user_id` FOREIGN KEY (`parent_id`) REFERENCES `auth_user` (`id`)
) ENGINE=InnoDB DEFAULT CHARSET=latin1;
/*!40101 SET character_set_client = @saved_cs_client */;

--
-- Dumping data for table `mentee_credits`
--

LOCK TABLES `mentee_credits` WRITE;
/*!40000 ALTER TABLE `mentee_credits` DISABLE KEYS */;
INSERT INTO `mentee_credits` VALUES (23,5),(29,5),(34,500),(43,5),(44,5),(45,5),(49,5),(50,5),(51,5),(54,5),(56,5),(59,5),(66,5);
/*!40000 ALTER TABLE `mentee_credits` ENABLE KEYS */;
UNLOCK TABLES;

--
-- Table structure for table `mentor_educationdetails`
--

DROP TABLE IF EXISTS `mentor_educationdetails`;
/*!40101 SET @saved_cs_client     = @@character_set_client */;
/*!40101 SET character_set_client = utf8 */;
CREATE TABLE `mentor_educationdetails` (
  `id` int(11) NOT NULL AUTO_INCREMENT,
  `parent_id` int(11) NOT NULL,
  `institution` varchar(128) NOT NULL,
  `city` varchar(128) NOT NULL,
  `state` varchar(128) DEFAULT NULL,
  `country` varchar(128) NOT NULL,
  `degree` varchar(64) NOT NULL,
  `branch` varchar(256) NOT NULL,
  `from_year` int(11),
  `to_year` int(11),
  PRIMARY KEY (`id`),
  KEY `mentor_educationdetails_410d0aac` (`parent_id`),
  CONSTRAINT `parent_id_refs_user_id_aa0c1dbd` FOREIGN KEY (`parent_id`) REFERENCES `user_userprofile` (`user_id`)
) ENGINE=InnoDB DEFAULT CHARSET=latin1;
/*!40101 SET character_set_client = @saved_cs_client */;

--
-- Dumping data for table `mentor_educationdetails`
--

LOCK TABLES `mentor_educationdetails` WRITE;
/*!40000 ALTER TABLE `mentor_educationdetails` DISABLE KEYS */;
/*!40000 ALTER TABLE `mentor_educationdetails` ENABLE KEYS */;
UNLOCK TABLES;

--
-- Table structure for table `mentor_employmentdetails`
--

DROP TABLE IF EXISTS `mentor_employmentdetails`;
/*!40101 SET @saved_cs_client     = @@character_set_client */;
/*!40101 SET character_set_client = utf8 */;
CREATE TABLE `mentor_employmentdetails` (
  `id` int(11) NOT NULL AUTO_INCREMENT,
  `parent_id` int(11) NOT NULL,
  `organization` varchar(128) NOT NULL,
  `location` varchar(128) NOT NULL,
  `position` varchar(256) NOT NULL,
  `from_year` int(11),
  `to_year` int(11),
  PRIMARY KEY (`id`),
  KEY `mentor_employmentdetails_410d0aac` (`parent_id`),
  CONSTRAINT `parent_id_refs_user_id_4d3beff4` FOREIGN KEY (`parent_id`) REFERENCES `user_userprofile` (`user_id`)
) ENGINE=InnoDB DEFAULT CHARSET=latin1;
/*!40101 SET character_set_client = @saved_cs_client */;

--
-- Dumping data for table `mentor_employmentdetails`
--

LOCK TABLES `mentor_employmentdetails` WRITE;
/*!40000 ALTER TABLE `mentor_employmentdetails` DISABLE KEYS */;
/*!40000 ALTER TABLE `mentor_employmentdetails` ENABLE KEYS */;
UNLOCK TABLES;

--
-- Table structure for table `mentor_ratings`
--

DROP TABLE IF EXISTS `mentor_ratings`;
/*!40101 SET @saved_cs_client     = @@character_set_client */;
/*!40101 SET character_set_client = utf8 */;
CREATE TABLE `mentor_ratings` (
  `mentor_id` int(11) NOT NULL,
  `count` int(11) NOT NULL,
  `average` double NOT NULL,
  `one` int(11) NOT NULL,
  `two` int(11) NOT NULL,
  `three` int(11) NOT NULL,
  `four` int(11) NOT NULL,
  `five` int(11) NOT NULL,
  PRIMARY KEY (`mentor_id`),
  CONSTRAINT `mentor_ratings_mentor_id_5e831ee3f80222b9_fk_auth_user_id` FOREIGN KEY (`mentor_id`) REFERENCES `auth_user` (`id`)
) ENGINE=InnoDB DEFAULT CHARSET=latin1;
/*!40101 SET character_set_client = @saved_cs_client */;

--
-- Dumping data for table `mentor_ratings`
--

LOCK TABLES `mentor_ratings` WRITE;
/*!40000 ALTER TABLE `mentor_ratings` DISABLE KEYS */;
/*!40000 ALTER TABLE `mentor_ratings` ENABLE KEYS */;
UNLOCK TABLES;

--
-- Table structure for table `mentor_timings`
--

DROP TABLE IF EXISTS `mentor_timings`;
/*!40101 SET @saved_cs_client     = @@character_set_client */;
/*!40101 SET character_set_client = utf8 */;
CREATE TABLE `mentor_timings` (
  `parent_id` int(11) NOT NULL,
  `weekday_l` varchar(5),
  `weekday_u` varchar(5),
  `weekend_l` varchar(5),
  `weekend_u` varchar(5),
  PRIMARY KEY (`parent_id`),
  CONSTRAINT `mentor_timings_parent_id_212280afeb06f4c5_fk_auth_user_id` FOREIGN KEY (`parent_id`) REFERENCES `auth_user` (`id`)
) ENGINE=InnoDB DEFAULT CHARSET=latin1;
/*!40101 SET character_set_client = @saved_cs_client */;

--
-- Dumping data for table `mentor_timings`
--

LOCK TABLES `mentor_timings` WRITE;
/*!40000 ALTER TABLE `mentor_timings` DISABLE KEYS */;
INSERT INTO `mentor_timings` VALUES (26,'10:00','18:00','10:00','10:00'),(41,'07:00','22:00','07:00','07:00'),(71,'13:00','14:00','19:00','19:00');
/*!40000 ALTER TABLE `mentor_timings` ENABLE KEYS */;
UNLOCK TABLES;

--
-- Table structure for table `mentor_useractivity`
--

DROP TABLE IF EXISTS `mentor_useractivity`;
/*!40101 SET @saved_cs_client     = @@character_set_client */;
/*!40101 SET character_set_client = utf8 */;
CREATE TABLE `mentor_useractivity` (
  `mentor_id` int(11) NOT NULL,
  `last_seen` datetime DEFAULT NULL,
  PRIMARY KEY (`mentor_id`),
  CONSTRAINT `mentor_useractivity_mentor_id_25b73191a7899b68_fk_auth_user_id` FOREIGN KEY (`mentor_id`) REFERENCES `auth_user` (`id`)
) ENGINE=InnoDB DEFAULT CHARSET=latin1;
/*!40101 SET character_set_client = @saved_cs_client */;

--
-- Dumping data for table `mentor_useractivity`
--

LOCK TABLES `mentor_useractivity` WRITE;
/*!40000 ALTER TABLE `mentor_useractivity` DISABLE KEYS */;
INSERT INTO `mentor_useractivity` VALUES (26,'2015-06-15 15:19:19'),(41,'2015-06-22 13:20:31'),(47,'2015-06-20 17:44:41'),(49,'2015-06-24 08:36:22'),(62,'2015-07-12 08:47:25');
/*!40000 ALTER TABLE `mentor_useractivity` ENABLE KEYS */;
UNLOCK TABLES;

--
-- Table structure for table `socialaccount_socialaccount`
--

DROP TABLE IF EXISTS `socialaccount_socialaccount`;
/*!40101 SET @saved_cs_client     = @@character_set_client */;
/*!40101 SET character_set_client = utf8 */;
CREATE TABLE `socialaccount_socialaccount` (
  `id` int(11) NOT NULL AUTO_INCREMENT,
  `provider` varchar(30) NOT NULL,
  `uid` varchar(255) NOT NULL,
  `last_login` datetime NOT NULL,
  `date_joined` datetime NOT NULL,
  `extra_data` longtext NOT NULL,
  `user_id` int(11) NOT NULL,
  PRIMARY KEY (`id`),
  UNIQUE KEY `socialaccount_socialaccount_provider_36eec1734f431f56_uniq` (`provider`,`uid`),
  KEY `socialaccount_socialaccount_e8701ad4` (`user_id`),
  CONSTRAINT `socialaccount_socialacc_user_id_3fd78aac97693583_fk_auth_user_id` FOREIGN KEY (`user_id`) REFERENCES `auth_user` (`id`)
) ENGINE=InnoDB AUTO_INCREMENT=24 DEFAULT CHARSET=latin1;
/*!40101 SET character_set_client = @saved_cs_client */;

--
-- Dumping data for table `socialaccount_socialaccount`
--

LOCK TABLES `socialaccount_socialaccount` WRITE;
/*!40000 ALTER TABLE `socialaccount_socialaccount` DISABLE KEYS */;
INSERT INTO `socialaccount_socialaccount` VALUES (8,'linkedin','D1MTPamaxE','2015-06-25 14:40:50','2015-05-24 22:20:48','{\"email-address\": \"abhijeetkhan@gmail.com\", \"last-name\": \"Khandagale\", \"headline\": \"Technology Consultant\", \"positions\": {\"position\": [{\"start-date\": {\"month\": \"8\", \"year\": \"2014\"}, \"is-current\": \"true\", \"title\": \"Founder\", \"summary\": \"MentorBuddy aims to be the central hub for a student anywhere in the world who wishes to be a part of the global education movement. It eases the process of information exchange and facilitates end user assistance and helps simplify the process through which people communicate. We deliver real information from real people to an audience which is keen to give a kick start to their careers through global education.\", \"id\": \"562122522\", \"company\": {\"industry\": \"Education Management\", \"size\": \"1-10 employees\", \"type\": \"Privately Held\", \"id\": \"3794112\", \"name\": \"MentorBuddy\"}}, {\"is-current\": \"true\", \"start-date\": {\"month\": \"8\", \"year\": \"2014\"}, \"company\": {\"industry\": \"Education Management\", \"size\": \"201-500 employees\", \"type\": \"Educational Institution\", \"id\": \"711728\", \"name\": \"G.H.Raisoni College of Engineering\"}, \"id\": \"570545321\", \"title\": \"Advisor to the Board of Studies\"}]}, \"industry\": \"Research\", \"public-profile-url\": \"https://www.linkedin.com/in/abhijeetkhan\", \"summary\": \"Dreamer. Innovator. Public Speaker. Researcher. Traveller. Poet. Batman fan.\\n\\nI am a young entrepreneur (3 startups old) and deeply rooted in technology and innovation. I have a huge flair towards research and have brought several concepts to reality. A Hardcore Mechanical Engineer at heart, who build India\'s first Batpod. My love for travel, brings an aim to visit Mars in 2020. I\'m a huge Space tech lover, and study the Sun for any erratic behaviour. Solar Physics Nerd. \\n\\nInspiring and motivating people to grow big and successful; teaching is my passion. My start-up, MentorBuddy aims to be the central hub for a student anywhere in the world who wishes to be a part of the global education movement. I give out consultation service as a freelancer for technology needs, backed with an extensive experience right from breaking and making things since childhood to building futuristic robots. \\n\\nIf I can\'t be of service, I may know others who can meet your needs. After all, creating and fostering relationships - and giving back - is a cornerstone of conducting business today. \\n\\nI love making new professional acquaintances. Reach out if you want to talk technology, business, space or even comic books. (You can also invite me to deliver a lecture/training \\u2013 I love that!)\\n\\nSpecialties: Scientific Research, Hardware Prototyping, Team Building, Training.\", \"location\": {\"country\": {\"code\": \"in\"}, \"name\": \"Nagpur Area, India\"}, \"picture-url\": \"https://media.licdn.com/mpr/mprx/0_iXEyCak11S9H98KNWvOjoVO1qUZWPTpd_ht-bUI1lVAHPApNdvOt8251BwENztKkfXtjEp6PgSberLnHuB78EVFx4SbdrLZHfB7xTR-t1ut5V1_N_6JA37p_Z4gJMLfJQqIK6LBcLsW\", \"first-name\": \"Abhijeet\", \"id\": \"D1MTPamaxE\"}',23),(11,'linkedin','rlJnR5jm1r','2015-06-15 15:18:04','2015-05-26 13:15:10','{\"email-address\": \"f_sachin@yahoo.co.in\", \"last-name\": \"Farfad-Patil\", \"headline\": \"Entrepreneur, Educator & Management Student\", \"positions\": {\"position\": [{\"start-date\": {\"month\": \"4\", \"year\": \"2014\"}, \"is-current\": \"true\", \"title\": \"Associate Member\", \"summary\": \"TiE Members are entrepreneurs or aspiring entrepreneurs, professionals or students, interested in networking with mentors and industry veterans, in gaining knowledge about their field of interest, and in learning from the stories of successful entrepreneurs and business leaders. Doing volunteering work to contribute and learn new things\", \"id\": \"571164013\", \"company\": {\"name\": \"TiE Nagpur\", \"type\": \"Nonprofit\", \"industry\": \"Nonprofit Organization Management\", \"ticker\": null, \"id\": \"1347227\", \"size\": \"1-10 employees\"}}, {\"start-date\": {\"month\": \"7\", \"year\": \"2013\"}, \"is-current\": \"true\", \"title\": \"Member\", \"summary\": \"About One Foundation\\n\\nThe philosophy of One foundation revolves around power of ONE (1).\\n\\nOne represents natural urge to be best \\u2026to be number 1.\\n\\nRoman alphabet for One is I, which represents focus on one-self/own.\\n\\nBeing One or oneness also means collaboration and teaming.\\n\\nOne percent effort in a collective way can bring a change that is desired for society.\\n\\nWhat matters is Aptitude and Attitude and A is first Alphabet.\\n\\nDigit 1 is also which makes 99 as 100 and one foundation would strive towards filling this 1 by little awareness, sensitization, mentoring and guidance to complete the talent value (99) in youth. \\n\\nOne Foundation is an attempt to make career by design and not just by chance as usually happens with youth today.\\n\\nWe as member of One try contribute as Volunteer\", \"id\": \"554934932\", \"company\": {\"name\": \"One Foundation\", \"type\": \"Nonprofit\", \"industry\": \"Nonprofit Organization Management\", \"ticker\": null, \"id\": \"2416302\", \"size\": \"11-50 employees\"}}, {\"start-date\": {\"month\": \"3\", \"year\": \"2013\"}, \"is-current\": \"true\", \"title\": \"Business Partner\", \"summary\": \"I am handling Nagpur office. and responsible for business development, lead generation, Team handling, Marketing, Operation for the center.\\n\\nBrand development, web site traffic growth, web site UI and advertising revenue. Developed brand strategy and statistics systems.\\nStrategic Consulting, including business plan & sales strategy development.\\nAdvising new businesses on formation of corporations and business structures, drafting privacy policies and structuring commercial transactions.\\nGenerated new development deals in education sector that focuses on multi career option, including Creer market analysis.\", \"id\": \"390217811\", \"company\": {\"industry\": \"Education Management\", \"size\": \"201-500 employees\", \"type\": \"Educational Institution\", \"id\": \"2208820\", \"name\": \"Universal Training Solutions pvt ltd\"}}]}, \"industry\": \"E-Learning\", \"public-profile-url\": \"https://www.linkedin.com/in/sachinfarfad\", \"summary\": \"I have good organising Skill. Activate in various social activities. Extensive thinking abilities. Good enterprenuership skills. final objectives is to become a sucessfull Enthraprenuer.\", \"location\": {\"country\": {\"code\": \"in\"}, \"name\": \"Nagpur Area, India\"}, \"picture-url\": \"https://media.licdn.com/mpr/mprx/0_HOKl9HqJxhZW_9R0oj_C9E6k0XmWiPE0oyka9wbXh3sZpcgxk48gZI1oAEaB8Nw1djt7J2M0Zz1t\", \"first-name\": \"Sachin\", \"id\": \"rlJnR5jm1r\"}',26),(14,'facebook','584987681643817','2015-05-27 06:52:53','2015-05-27 06:52:53','{\"first_name\": \"Ankur\", \"last_name\": \"Anand\", \"verified\": true, \"name\": \"Ankur Anand\", \"locale\": \"en_US\", \"gender\": \"male\", \"email\": \"ankurtech3@gmail.com\", \"link\": \"https://www.facebook.com/app_scoped_user_id/584987681643817/\", \"timezone\": 5.5, \"updated_time\": \"2014-11-20T13:23:48+0000\", \"id\": \"584987681643817\"}',29),(15,'facebook','10203106722947765','2015-05-27 09:27:02','2015-05-27 09:27:02','{\"first_name\": \"Tanmay\", \"last_name\": \"Nayak\", \"verified\": true, \"name\": \"Tanmay Nayak\", \"locale\": \"en_US\", \"gender\": \"male\", \"email\": \"tanmaynayak@rocketmail.com\", \"link\": \"https://www.facebook.com/app_scoped_user_id/10203106722947765/\", \"timezone\": 5.5, \"updated_time\": \"2015-04-11T16:25:20+0000\", \"id\": \"10203106722947765\"}',30),(16,'facebook','10205078643779378','2015-06-29 02:48:19','2015-05-30 05:21:23','{\"first_name\": \"Abhijeet\", \"last_name\": \"Khandagale\", \"verified\": true, \"name\": \"Abhijeet Khandagale\", \"locale\": \"en_US\", \"gender\": \"male\", \"email\": \"abhijeetkhan@gmail.com\", \"updated_time\": \"2015-06-08T11:41:45+0000\", \"birthday\": \"03/23/1990\", \"link\": \"https://www.facebook.com/app_scoped_user_id/10205078643779378/\", \"location\": {\"id\": \"107567112600135\", \"name\": \"Nagpur\"}, \"timezone\": 5.5, \"education\": [{\"school\": {\"id\": \"110737238950751\", \"name\": \"Shivaji Science College, Nagpur\"}, \"type\": \"High School\", \"year\": {\"id\": \"141778012509913\", \"name\": \"2008\"}}, {\"school\": {\"id\": \"113917055332739\", \"name\": \"St Xaviers High School, Hingna, Nagpur\"}, \"type\": \"High School\", \"year\": {\"id\": \"138383069535219\", \"name\": \"2005\"}}, {\"school\": {\"id\": \"129188770451061\", \"name\": \"G H Raisoni College of Engineering\"}, \"type\": \"College\"}, {\"concentration\": [{\"id\": \"108271415859752\", \"name\": \"Mechanical Engineering\"}], \"type\": \"College\", \"school\": {\"id\": \"129188770451061\", \"name\": \"G H Raisoni College of Engineering\"}, \"year\": {\"id\": \"138879996141011\", \"name\": \"2013\"}}], \"id\": \"10205078643779378\"}',23),(17,'linkedin','eDh4UKszaW','2015-06-07 17:13:34','2015-06-07 17:13:34','{\"email-address\": \"anmol.shkl@gmail.com\", \"last-name\": \"Shukla\", \"headline\": \"Summer Intern at Tata Consultancy Services\", \"positions\": {\"position\": [{\"is-current\": \"true\", \"start-date\": {\"month\": \"5\", \"year\": \"2015\"}, \"company\": {\"industry\": \"Internet\", \"size\": \"11-50 employees\", \"type\": \"Privately Held\", \"id\": \"3590874\", \"name\": \"Juspay Technologies Pvt Ltd\"}, \"id\": \"674083852\", \"title\": \"Software Developer and Big Data Analytics Intern\"}, {\"is-current\": \"true\", \"start-date\": {\"month\": \"6\", \"year\": \"2013\"}, \"company\": {\"name\": \"VNIT\"}, \"id\": \"500990552\", \"title\": \"Javascript & PHP Developer\"}]}, \"industry\": \"Computer Software\", \"public-profile-url\": \"https://www.linkedin.com/pub/anmol-shukla/61/785/b31\", \"summary\": \"Enthusiastic PHP Developer,always learning and Knowledge-thirsty,quick on the uptake,have a knack for programming.Striving to become a better programmer and a better web developer.\", \"location\": {\"country\": {\"code\": \"in\"}, \"name\": \"Mumbai Area, India\"}, \"picture-url\": \"https://media.licdn.com/mpr/mprx/0_Og-UycyHTNBAd4xr4wHzRK5H587AdMPgqgQzVC1dXkOKudY3OMkv-igH_1OKdZS3c2ovjKOeeiprEjEglacbNi0kDiplEjVAqacZxGoW6Gdj8I3SZxT90nXZSn6TijShgSPB4KBsjti\", \"first-name\": \"Anmol\", \"id\": \"eDh4UKszaW\"}',39),(18,'facebook','994797140560584','2015-06-15 15:22:02','2015-06-15 15:22:02','{\"first_name\": \"Sachin\", \"last_name\": \"Farfad-Patil\", \"verified\": true, \"name\": \"Sachin Farfad-Patil\", \"locale\": \"en_GB\", \"gender\": \"male\", \"email\": \"f_sachin@yahoo.co.in\", \"link\": \"https://www.facebook.com/app_scoped_user_id/994797140560584/\", \"timezone\": 5.5, \"updated_time\": \"2015-06-07T01:07:39+0000\", \"id\": \"994797140560584\"}',26),(19,'facebook','659948537473648','2015-07-13 17:06:41','2015-06-20 17:27:45','{\"first_name\": \"Priyanka\", \"last_name\": \"Deo\", \"verified\": true, \"name\": \"Priyanka Deo\", \"locale\": \"en_US\", \"gender\": \"female\", \"email\": \"phoenixpiu2011@gmail.com\", \"link\": \"https://www.facebook.com/app_scoped_user_id/659948537473648/\", \"timezone\": 5.5, \"updated_time\": \"2015-07-04T16:08:07+0000\", \"id\": \"659948537473648\"}',46),(20,'facebook','10153063946953406','2015-06-24 19:48:04','2015-06-24 19:48:04','{\"first_name\": \"Hamed\", \"last_name\": \"Poursharafoddin\", \"verified\": true, \"name\": \"Hamed Poursharafoddin\", \"locale\": \"en_US\", \"gender\": \"male\", \"email\": \"h.poursharafoddin@gmail.com\", \"link\": \"https://www.facebook.com/app_scoped_user_id/10153063946953406/\", \"timezone\": -5, \"updated_time\": \"2015-05-09T18:55:44+0000\", \"id\": \"10153063946953406\"}',50),(21,'linkedin','L6tRyGt7UV','2015-06-24 20:25:46','2015-06-24 20:25:46','{\"email-address\": \"h.poursharafoddin@gmail.com\", \"last-name\": \"Poursharafoddin, MBA\", \"headline\": \"Business Plan Writer at Ludus Media\", \"positions\": {\"position\": [{\"is-current\": \"true\", \"start-date\": {\"month\": \"6\", \"year\": \"2015\"}, \"company\": {\"name\": \"Ludus Media\", \"type\": \"Privately Held\", \"industry\": \"Publishing\", \"ticker\": null, \"id\": \"5221166\", \"size\": \"1-10 employees\"}, \"id\": \"675119690\", \"title\": \"Business Plan Writer\"}, {\"start-date\": {\"year\": \"2014\"}, \"is-current\": \"true\", \"title\": \"Graduate Assistant Director\", \"summary\": \"\\u2022\\tPlan and manage departmental activities in accordance with budgets and timescales\\n\\u2022\\tLiaise with IT department in order to develop a computerized  online platform \\n\\u2022\\tDevelop a five-year strategic plan for departmental growth\", \"id\": \"563639300\", \"company\": {\"industry\": \"Higher Education\", \"size\": \"5001-10,000 employees\", \"type\": \"Educational Institution\", \"id\": \"10157\", \"name\": \"Creighton University\"}}]}, \"industry\": \"Financial Services\", \"public-profile-url\": \"https://www.linkedin.com/pub/hamed-poursharafoddin-mba/57/128/21\", \"summary\": \"I\\u2019m generous with praise, quick to smile, and always on the lookout for the positive in the situation. Somehow I can\\u2019t quite escape my conviction that it is good to be alive, that work can be fun, and that no matter what the setbacks, one must never lose one\\u2019s sense of humor.\\n\\nWhere am I headed? I ask myself. I need a clear destination. Goals serve as my compass, helping me determine priorities and make the corrections to get back on course. My analytical theme challenges other people. Prove it, Show me why what you are claiming is true. In the face of this kind of questioning some will find that their brilliant theories wither or die. I don\\u2019t necessarily want to destroy other people\\u2019s ideas, but I do insist that their theories be sound. I like data because they are value free. \\n\\n I love to learn. The subject matter that interests me most will be determined by my other themes and experiences, but whatever the subject, I will always be drawn to the process of learning. I\\u2019m energized by the steady and deliberate journey from ignorance to competence. \\n\\nI look for areas of agreement. In my view there is little to be gained from conflict and friction, so I seek to hold them to a minimum. In my view we are all in the same boat, and we need this boat to get where we are going. It\\u2019s a good boat. There is no need to rock it just to show that I can.\", \"location\": {\"country\": {\"code\": \"us\"}, \"name\": \"Greater Omaha Area\"}, \"picture-url\": \"https://media.licdn.com/mpr/mprx/0_jbmxXPRjsDBmc8MnPh78XrVt4f-CvQMnx8shXrMfFo6PEGm9lTYPEKD39Tty9TZspkuTIBbnbRBh\", \"first-name\": \"Hamed\", \"id\": \"L6tRyGt7UV\"}',50),(22,'facebook','10153377522685746','2015-07-06 18:42:25','2015-07-06 18:42:25','{\"first_name\": \"Aditya\", \"last_name\": \"Pandhare\", \"verified\": true, \"name\": \"Aditya Pandhare\", \"locale\": \"en_US\", \"gender\": \"male\", \"email\": \"adityanitwster@gmail.com\", \"link\": \"https://www.facebook.com/app_scoped_user_id/10153377522685746/\", \"timezone\": 5.5, \"updated_time\": \"2015-06-05T15:12:25+0000\", \"id\": \"10153377522685746\"}',53),(23,'facebook','10206057351226598','2015-07-13 07:42:38','2015-07-13 07:34:59','{\"first_name\": \"Hrishikesh\", \"last_name\": \"Rao\", \"verified\": true, \"name\": \"Hrishikesh Rao\", \"locale\": \"en_US\", \"gender\": \"male\", \"email\": \"hrishikeshrao94@gmail.com\", \"link\": \"https://www.facebook.com/app_scoped_user_id/10206057351226598/\", \"timezone\": 0, \"updated_time\": \"2015-06-06T03:04:52+0000\", \"id\": \"10206057351226598\"}',66);
/*!40000 ALTER TABLE `socialaccount_socialaccount` ENABLE KEYS */;
UNLOCK TABLES;

--
-- Table structure for table `socialaccount_socialapp`
--

DROP TABLE IF EXISTS `socialaccount_socialapp`;
/*!40101 SET @saved_cs_client     = @@character_set_client */;
/*!40101 SET character_set_client = utf8 */;
CREATE TABLE `socialaccount_socialapp` (
  `id` int(11) NOT NULL AUTO_INCREMENT,
  `provider` varchar(30) NOT NULL,
  `name` varchar(40) NOT NULL,
  `client_id` varchar(100) NOT NULL,
  `secret` varchar(100) NOT NULL,
  `key` varchar(100) NOT NULL,
  PRIMARY KEY (`id`)
) ENGINE=InnoDB AUTO_INCREMENT=6 DEFAULT CHARSET=latin1;
/*!40101 SET character_set_client = @saved_cs_client */;

--
-- Dumping data for table `socialaccount_socialapp`
--

LOCK TABLES `socialaccount_socialapp` WRITE;
/*!40000 ALTER TABLE `socialaccount_socialapp` DISABLE KEYS */;
INSERT INTO `socialaccount_socialapp` VALUES (1,'linkedin','LinkedIn','75v6ppasybk7zd','WJjgPEsGW7NSCVCD',''),(2,'facebook','Facebook','713549365387916','5fd7cd3b9958b979647df997b5b27c8e',''),(3,'google','Google','745226397307-sktc3grus53u160q3icthf5s51ukijke.apps.googleusercontent.com','Qg4q0dAsipUqAuYa2TOVnMGF',''),(4,'twitter','Twitter','R4LNGeDnrA6xUfuZHn6rcs9qY','UBQL0dlSeODOXHMWltGqX0vxtk4rPZBVC599yWkZMHM7KTi3yD',''),(5,'github','Github','6794ac2dc9ec74a13392','40d82fc51a9f2ad4595642cc30c6bb8568eb39f1','');
/*!40000 ALTER TABLE `socialaccount_socialapp` ENABLE KEYS */;
UNLOCK TABLES;

--
-- Table structure for table `socialaccount_socialapp_sites`
--

DROP TABLE IF EXISTS `socialaccount_socialapp_sites`;
/*!40101 SET @saved_cs_client     = @@character_set_client */;
/*!40101 SET character_set_client = utf8 */;
CREATE TABLE `socialaccount_socialapp_sites` (
  `id` int(11) NOT NULL AUTO_INCREMENT,
  `socialapp_id` int(11) NOT NULL,
  `site_id` int(11) NOT NULL,
  PRIMARY KEY (`id`),
  UNIQUE KEY `socialapp_id` (`socialapp_id`,`site_id`),
  KEY `socialaccount_socialapp_sites_fe95b0a0` (`socialapp_id`),
  KEY `socialaccount_socialapp_sites_9365d6e7` (`site_id`),
  CONSTRAINT `socialaccount_socialap_site_id_a859406a22be3fe_fk_django_site_id` FOREIGN KEY (`site_id`) REFERENCES `django_site` (`id`),
  CONSTRAINT `soci_socialapp_id_7b02380b6127b1b8_fk_socialaccount_socialapp_id` FOREIGN KEY (`socialapp_id`) REFERENCES `socialaccount_socialapp` (`id`)
) ENGINE=InnoDB AUTO_INCREMENT=4 DEFAULT CHARSET=latin1;
/*!40101 SET character_set_client = @saved_cs_client */;

--
-- Dumping data for table `socialaccount_socialapp_sites`
--

LOCK TABLES `socialaccount_socialapp_sites` WRITE;
/*!40000 ALTER TABLE `socialaccount_socialapp_sites` DISABLE KEYS */;
INSERT INTO `socialaccount_socialapp_sites` VALUES (1,1,1),(2,2,1),(3,3,1);
/*!40000 ALTER TABLE `socialaccount_socialapp_sites` ENABLE KEYS */;
UNLOCK TABLES;

--
-- Table structure for table `socialaccount_socialtoken`
--

DROP TABLE IF EXISTS `socialaccount_socialtoken`;
/*!40101 SET @saved_cs_client     = @@character_set_client */;
/*!40101 SET character_set_client = utf8 */;
CREATE TABLE `socialaccount_socialtoken` (
  `id` int(11) NOT NULL AUTO_INCREMENT,
  `token` longtext NOT NULL,
  `token_secret` longtext NOT NULL,
  `expires_at` datetime DEFAULT NULL,
  `account_id` int(11) NOT NULL,
  `app_id` int(11) NOT NULL,
  PRIMARY KEY (`id`),
  UNIQUE KEY `socialaccount_socialtoken_app_id_697928748c2e1968_uniq` (`app_id`,`account_id`),
  KEY `socialaccount_socialtoken_8a089c2a` (`account_id`),
  KEY `socialaccount_socialtoken_f382adfe` (`app_id`),
  CONSTRAINT `socialaccou_app_id_2125549785bd662_fk_socialaccount_socialapp_id` FOREIGN KEY (`app_id`) REFERENCES `socialaccount_socialapp` (`id`),
  CONSTRAINT `so_account_id_3fc809e243dd8c0a_fk_socialaccount_socialaccount_id` FOREIGN KEY (`account_id`) REFERENCES `socialaccount_socialaccount` (`id`)
) ENGINE=InnoDB AUTO_INCREMENT=24 DEFAULT CHARSET=latin1;
/*!40101 SET character_set_client = @saved_cs_client */;

--
-- Dumping data for table `socialaccount_socialtoken`
--

LOCK TABLES `socialaccount_socialtoken` WRITE;
/*!40000 ALTER TABLE `socialaccount_socialtoken` DISABLE KEYS */;
INSERT INTO `socialaccount_socialtoken` VALUES (8,'2a1a59f9-f85b-4c4e-8994-e580f09f2a0b','f4a8f340-8d7f-44cc-8e9d-46a6b3461d36',NULL,8,1),(11,'76094657-d991-419f-8d9e-d6a0cad99da3','7a11b93e-b503-4f1d-8a84-1d3b2a816423',NULL,11,1),(14,'CAAKIZBCh0IowBANsSmo2bv393CTRMPkXlyCoM7amfk5Nzomkaz6cb9pzeyMhsGUrDklwjZAZBgZCVihKvFTSAgD6kjCPZB6ea0lOe9C6ciRPZCWZApBsvtk0BFr6PLt4cRwmh0VXY7UtdB2emfZCnW4Xb8BFdbSTjmpepKoKr2uAQOXTUkl5tu5QHttgf5Vhd0GNdMwbyQITTBjPcfYGwucytZBjqcTAZAuEvpQNw7JB52OUZB4ByW0cJZBZAW1Nv88NnFMsZD','','2015-07-26 06:52:51',14,2),(15,'CAAKIZBCh0IowBAIRhSd9kSddY9ZAmgRoi3cYjMkypSepg9nKPr6vVVoMYlwZCN2moZCi3zMSsZCc7WqMGcC3DUtbpe5nKatsBIFEhLWlaEi67JUdbeSp48jGo39nh9du8Uo7IqSVMliB6g4GHqtdJM1yn08tKKoFWpkqk6rTAPtG0l0TU5NTjBETQK0pes75mlXqelZBeZAIWhoZAt1wIctcIrZBeuZB2ZC6YrgqO2AfXmN9CKZAdZAoxaeo5E17EZClipIO0ZD','','2015-07-26 09:27:01',15,2),(16,'CAAKIZBCh0IowBAMuvqIqaSDAqzatGWPQs2UBBPfgSS1bLnrEpIfpxcEKg1SWss6eGcBqZBkAxZBtHdxOaX7ZA5qRjGln7ZBylAErlYGV2UNiVwQEBHnlRwiu8RJYUZBzR5FE2VGxGm3MjgmTo2JD8i9FXtiWR0FIUgmOf7PZAppbtwRmHZCIu99ncMbNvKLCYx7wzhLQqwc19BhVPGX8hD8CdvqeNeQk9wyoYZCqxEgKzCH3QNJZAaaFS9UGTtZCpuGRuAZD','','2015-08-28 02:48:18',16,2),(17,'adfe56c3-516b-4d7f-a1a6-70241b9086c2','047ade94-82f0-4be7-9783-8ee93c07adf0',NULL,17,1),(18,'CAAKIZBCh0IowBAKlqMGW7mAnM0I8dZCVNwS4KQ6SBCwmZBHUVKcHbgiRLNtZA4bchKXZBrbpvatIutV4kZCAznfq7ApG1VfGfxJlqGxr3Lom3Vi5cKWkWtizhVjeTQSHxUcuFjUZBPbWlyWSJ8zZBPm7TbKbBXM7NzcZABOFJj6ksDFv8QIEGoPQvv6gIA9brEq6H3s0sZBh6rVUd3hADCg6W3IoxRZBBkxrCdH3CmsH4gK5vFCWrPD1OsPBR3fqJPwCZBvLbaVa25I46vVvzil6QQwUDAPwRfewht8rPbsak9U4avPmPcI8FsSbuZAiTU6jAvPUZD','','2015-08-14 15:17:18',18,2),(19,'CAAKIZBCh0IowBAHPmLzG4TVS4pddZAGNMnMEZCbEZBEGhrzB9NEgPuoqScp08mCB2pYesuVgZCdqjeIVylZCrhvafU6GPcboiFzGMZAXZB7lbZCGK7YeUaPqIKaygM61DKEQbdZCU99x9ydJZCIzZBU7j2oLFWtsJhZB0ZA4dgqtZAuo6voVK0mVKWt6Hnm8edGWse7wp76ZAZCk8FfcS1cwJGEh221sqoutyvCA6JF7f0ZAIBRraZASeoLvZC6LAzOY5xvuLBZAgDNyZBbGnvnCAQmN6VDJtJZCNZARHhXMtZBkPIUWZCD0ppCXGgRQm7LUFhFwTotOZC9iMR8FSgZD','','2015-09-11 17:06:40',19,2),(20,'CAAKIZBCh0IowBACgBoSDrazg1AksDfaaao8WoNdfrwBHFdvkpRVBfT7DmmIliYWT6mr1cjfMCKMEQblSZCG8A2kk9ZCy4W8pAcgauMbtaZB3DBPTUnoFZChAB4eZCpZBpbeyJuoIHbenKkNM3RwmTip66AegDBTVbITpXfQzf1q1MofAnDsZCTLkb5zZC4zCTW9z0HtM8DedjH40gM785OPShh2knVAqvnygIbs2e1Ji5xGE2zoxOzpRX','','2015-08-23 19:47:42',20,2),(21,'1c4c3566-1f19-4f80-9203-160997b5e3d4','78022301-fbb8-4e22-b509-d77907d362ea',NULL,21,1),(22,'CAAKIZBCh0IowBAG9lh3SGyf8sW1ZBRB9gn4jnv0G4qHWMOV3Yd0zE1SkXTbg5dQtzOSoVm9mscEBqqlq5r2tgvIgtWUsoeN6Vb9BDjOZCRgtRZCzLhR1SHsS1KxiOFXZASuGWZA5I3X8OsgdVrQXv0NtSfE2axXjzN5t5A3pjxZAQsEmvyNCVH20tVd5XMoevHzlJkudluvGM6monUahkmTheBM8b2caP9UeW4kIs3ZAZA22ntyyAQ6gl','','2015-09-04 18:42:25',22,2),(23,'CAAKIZBCh0IowBAEuZBcbZAZCJxVQlbCgMnLFJSME2M1vJ9upbJMSZAk4eCcGrnoqKmyPGg0fB7ppOb5ktXPkCZBowqAd889R0CZCSo01fJZC1WfZCOZBMWsXbw986pzWEy2YiZCiJophaH1116OEWNH87cTEp0GIdZCdr86EAhvMXvI1SOlfZCc9mPmk78nMXiCr788JZBayJDMBuEZCC3mFEGmkAosHZAZBDKZAXxUVxZB6rvQUtZCvw71cPuzGzsV2C6IrOcyx9DqQy0rxNCZBGJIWouWGXMX22tDQ59lnyZAj5P8osLKPbtVdr6hwhihn8zXi5KSLfUUogZD','','2015-09-11 07:34:56',23,2);
/*!40000 ALTER TABLE `socialaccount_socialtoken` ENABLE KEYS */;
UNLOCK TABLES;

--
-- Table structure for table `user_calllog`
--

DROP TABLE IF EXISTS `user_calllog`;
/*!40101 SET @saved_cs_client     = @@character_set_client */;
/*!40101 SET character_set_client = utf8 */;
CREATE TABLE `user_calllog` (
  `request_id` int(11) NOT NULL,
  `establishedTime` time NOT NULL,
  `endTime` time NOT NULL,
  `duration` int(11) NOT NULL,
  `endCause` varchar(20) NOT NULL,
  PRIMARY KEY (`request_id`),
  CONSTRAINT `request_id_refs_id_8400f301` FOREIGN KEY (`request_id`) REFERENCES `user_request` (`id`)
) ENGINE=InnoDB DEFAULT CHARSET=latin1;
/*!40101 SET character_set_client = @saved_cs_client */;

--
-- Dumping data for table `user_calllog`
--

LOCK TABLES `user_calllog` WRITE;
/*!40000 ALTER TABLE `user_calllog` DISABLE KEYS */;
/*!40000 ALTER TABLE `user_calllog` ENABLE KEYS */;
UNLOCK TABLES;

--
-- Table structure for table `user_feedback`
--

DROP TABLE IF EXISTS `user_feedback`;
/*!40101 SET @saved_cs_client     = @@character_set_client */;
/*!40101 SET character_set_client = utf8 */;
CREATE TABLE `user_feedback` (
  `id` int(11) NOT NULL AUTO_INCREMENT,
  `user_id` int(11) NOT NULL,
  `call_id` int(11) NOT NULL,
  `rating` double NOT NULL,
  `feedback` varchar(512) NOT NULL,
  PRIMARY KEY (`id`),
  KEY `user_feedback_6340c63c` (`user_id`),
  KEY `user_feedback_66bcc7d8` (`call_id`),
  CONSTRAINT `user_feedbac_call_id_424eba095838cd6a_fk_user_calllog_request_id` FOREIGN KEY (`call_id`) REFERENCES `user_calllog` (`request_id`)
) ENGINE=InnoDB DEFAULT CHARSET=latin1;
/*!40101 SET character_set_client = @saved_cs_client */;

--
-- Dumping data for table `user_feedback`
--

LOCK TABLES `user_feedback` WRITE;
/*!40000 ALTER TABLE `user_feedback` DISABLE KEYS */;
/*!40000 ALTER TABLE `user_feedback` ENABLE KEYS */;
UNLOCK TABLES;

--
-- Table structure for table `user_notification`
--

DROP TABLE IF EXISTS `user_notification`;
/*!40101 SET @saved_cs_client     = @@character_set_client */;
/*!40101 SET character_set_client = utf8 */;
CREATE TABLE `user_notification` (
  `id` int(11) NOT NULL AUTO_INCREMENT,
  `frm` varchar(300) NOT NULL,
  `text` longtext,
  `title` varchar(500) NOT NULL,
  `dateTime` datetime NOT NULL,
  `to_id` int(11) NOT NULL,
  PRIMARY KEY (`id`),
  KEY `user_notification_f4b39993` (`to_id`),
  CONSTRAINT `user_notification_to_id_374ac35d4a4a2bb_fk_auth_user_id` FOREIGN KEY (`to_id`) REFERENCES `auth_user` (`id`)
) ENGINE=InnoDB AUTO_INCREMENT=53 DEFAULT CHARSET=latin1;
/*!40101 SET character_set_client = @saved_cs_client */;

--
-- Dumping data for table `user_notification`
--

LOCK TABLES `user_notification` WRITE;
/*!40000 ALTER TABLE `user_notification` DISABLE KEYS */;
INSERT INTO `user_notification` VALUES (3,'admin','We appreciate your effort to help someone treading your path!<br>Go and be a super mentor! :)','Hello Mentor!','2015-05-27 09:27:11',30),(6,'admin','We appreciate your effort to help someone treading your path!<br>Go and be a super mentor! :)','Hello Mentor!','2015-06-09 19:06:17',40),(7,'admin','We appreciate your effort to help someone treading your path!<br>Go and be a super mentor! :)','Hello Mentor!','2015-06-14 13:06:07',41),(8,'admin','Your request has been approved by John Doe. Please put a reminder but we\'ll still remind you ;)','Request approved!','2015-06-15 07:11:44',41),(9,'admin','Your request has been approved by John Doe. Please put a reminder but we\'ll still remind you ;)','Request approved!','2015-06-15 12:48:21',41),(10,'admin','Your request has been approved by John Doe. Please put a reminder but we\'ll still remind you ;)','Request approved!','2015-06-15 13:55:21',41),(11,'admin','Your request has been approved by John Doe. Please put a reminder but we\'ll still remind you ;)','Request approved!','2015-06-16 08:50:08',41),(12,'admin','Your request has been approved by John Doe. Please put a reminder but we\'ll still remind you ;)','Request approved!','2015-06-17 08:39:15',41),(13,'admin','Your request has been approved by John Doe. Please put a reminder but we\'ll still remind you ;)','Request approved!','2015-06-17 13:16:27',41),(14,'admin','We appreciate your effort to help someone treading your path!<br>Go and be a super mentor! :)','Hello Mentor!','2015-06-17 17:34:07',42),(15,'admin','We\'ll help you get started with your dream of global education','Hello Mentee!','2015-06-18 12:45:44',43),(16,'admin','We\'ll help you get started with your dream of global education','Hello Mentee!','2015-06-18 12:48:26',44),(17,'admin','We appreciate your effort to help someone treading your path!<br>Go and be a super mentor! :)','Hello Mentor!','2015-06-18 13:38:49',23),(18,'admin','We\'ll help you get started with your dream of global education','Hello Mentee!','2015-06-18 15:06:54',45),(19,'admin','We appreciate your effort to help someone treading your path!<br>Go and be a super mentor! :)','Hello Mentor!','2015-06-20 17:27:54',46),(20,'admin','We appreciate your effort to help someone treading your path!<br>Go and be a super mentor! :)','Hello Mentor!','2015-06-20 17:27:54',46),(21,'admin','We appreciate your effort to help someone treading your path!<br>Go and be a super mentor! :)','Hello Mentor!','2015-06-20 17:38:44',47),(22,'admin','We appreciate your effort to help someone treading your path!<br>Go and be a super mentor! :)','Hello Mentor!','2015-06-22 07:56:01',48),(23,'admin','Your request has been approved by John Doe. Please put a reminder but we\'ll still remind you ;)','Request approved!','2015-06-22 12:22:48',34),(24,'admin','We appreciate your effort to help someone treading your path!<br>Go and be a super mentor! :)','Hello Mentor!','2015-06-23 18:19:19',46),(25,'admin','We appreciate your effort to help someone treading your path!<br>Go and be a super mentor! :)','Hello Mentor!','2015-06-23 18:19:20',46),(26,'admin','We appreciate your effort to help someone treading your path!<br>Go and be a super mentor! :)','Hello Mentor!','2015-06-23 18:20:51',46),(27,'admin','We appreciate your effort to help someone treading your path!<br>Go and be a super mentor! :)','Hello Mentor!','2015-06-23 18:20:51',46),(28,'admin','We\'ll help you get started with your dream of global education','Hello Mentee!','2015-06-24 08:31:43',49),(29,'admin','We appreciate your effort to help someone treading your path!<br>Go and be a super mentor! :)','Hello Mentor!','2015-06-24 08:32:19',49),(30,'admin','We appreciate your effort to help someone treading your path!<br>Go and be a super mentor! :)','Hello Mentor!','2015-06-24 08:32:32',49),(31,'admin','We appreciate your effort to help someone treading your path!<br>Go and be a super mentor! :)','Hello Mentor!','2015-06-24 08:33:29',49),(32,'admin','We\'ll help you get started with your dream of global education','Hello Mentee!','2015-06-24 19:48:19',50),(33,'admin','We\'ll help you get started with your dream of global education','Hello Mentee!','2015-06-25 11:26:56',51),(34,'admin','Your request has been approved by Abhijeet Khandagale. Please put a reminder but we\'ll still remind you ;)','Request approved!','2015-06-29 02:48:33',34),(35,'admin','We appreciate your effort to help someone treading your path!<br>Go and be a super mentor! :)','Hello Mentor!','2015-06-30 20:55:08',52),(36,'admin','We appreciate your effort to help someone treading your path!<br>Go and be a super mentor! :)','Hello Mentor!','2015-07-06 18:42:32',53),(37,'admin','We\'ll help you get started with your dream of global education','Hello Mentee!','2015-07-07 17:06:41',54),(38,'admin','We appreciate your effort to help someone treading your path!<br>Go and be a super mentor! :)','Hello Mentor!','2015-07-08 08:57:58',55),(39,'admin','We\'ll help you get started with your dream of global education','Hello Mentee!','2015-07-10 17:15:30',56),(40,'admin','We\'ll help you get started with your dream of global education','Hello Mentee!','2015-07-12 06:44:59',59),(41,'admin','We appreciate your effort to help someone treading your path!<br>Go and be a super mentor! :)','Hello Mentor!','2015-07-12 08:00:21',60),(42,'admin','We appreciate your effort to help someone treading your path!<br>Go and be a super mentor! :)','Hello Mentor!','2015-07-12 08:00:41',61),(43,'admin','We appreciate your effort to help someone treading your path!<br>Go and be a super mentor! :)','Hello Mentor!','2015-07-12 08:45:49',62),(44,'admin','We appreciate your effort to help someone treading your path!<br>Go and be a super mentor! :)','Hello Mentor!','2015-07-12 14:16:29',63),(45,'admin','We appreciate your effort to help someone treading your path!<br>Go and be a super mentor! :)','Hello Mentor!','2015-07-12 23:23:24',64),(47,'admin','We appreciate your effort to help someone treading your path!<br>Go and be a super mentor! :)','Hello Mentor!','2015-07-13 12:06:24',67),(48,'admin','We appreciate your effort to help someone treading your path!<br>Go and be a super mentor! :)','Hello Mentor!','2015-07-13 13:09:26',68),(50,'admin','We appreciate your effort to help someone treading your path!<br>Go and be a super mentor! :)','Hello Mentor!','2015-07-13 16:18:09',70),(51,'admin','We appreciate your effort to help someone treading your path!<br>Go and be a super mentor! :)','Hello Mentor!','2015-07-13 16:33:39',71),(52,'admin','We appreciate your effort to help someone treading your path!<br>Go and be a super mentor! :)','Hello Mentor!','2015-07-13 22:19:08',72);
/*!40000 ALTER TABLE `user_notification` ENABLE KEYS */;
UNLOCK TABLES;

--
-- Table structure for table `user_request`
--

DROP TABLE IF EXISTS `user_request`;
/*!40101 SET @saved_cs_client     = @@character_set_client */;
/*!40101 SET character_set_client = utf8 */;
CREATE TABLE `user_request` (
  `id` int(11) NOT NULL AUTO_INCREMENT,
  `menteeId_id` int(11) NOT NULL,
  `mentorId_id` int(11) NOT NULL,
  `dateTime` datetime NOT NULL,
  `duration` int(11) NOT NULL,
  `is_approved` tinyint(1) DEFAULT NULL,
  `is_rescheduled` tinyint(1) NOT NULL,
  `requestDate` date NOT NULL,
  `callType` int(11) NOT NULL,
  `is_completed` tinyint(1) NOT NULL,
  PRIMARY KEY (`id`),
  KEY `user_request_957653d5` (`menteeId_id`),
  KEY `user_request_a53cb0b6` (`mentorId_id`)
) ENGINE=InnoDB AUTO_INCREMENT=22 DEFAULT CHARSET=latin1;
/*!40101 SET character_set_client = @saved_cs_client */;

--
-- Dumping data for table `user_request`
--

LOCK TABLES `user_request` WRITE;
/*!40000 ALTER TABLE `user_request` DISABLE KEYS */;
INSERT INTO `user_request` VALUES (13,34,41,'2015-06-16 08:51:00',12,1,0,'2015-06-16',1,0),(14,34,41,'2015-06-16 05:45:00',15,NULL,0,'2015-06-16',1,0),(15,34,41,'2015-06-11 05:30:00',30,NULL,0,'2015-06-16',1,0),(16,34,41,'2015-06-17 09:30:00',20,1,0,'2015-06-17',3,0),(17,34,41,'2015-06-17 16:30:00',10,1,0,'2015-06-17',3,0),(18,34,41,'2015-06-22 12:30:00',15,1,0,'2015-06-22',3,0),(19,34,23,'2015-06-25 14:40:00',10,NULL,0,'2015-06-25',3,0),(20,34,23,'2015-06-29 04:30:00',10,1,0,'2015-06-29',3,0),(21,34,23,'2015-07-09 11:30:00',20,NULL,0,'2015-07-09',3,0);
/*!40000 ALTER TABLE `user_request` ENABLE KEYS */;
UNLOCK TABLES;

--
-- Table structure for table `user_socialprofiles`
--

DROP TABLE IF EXISTS `user_socialprofiles`;
/*!40101 SET @saved_cs_client     = @@character_set_client */;
/*!40101 SET character_set_client = utf8 */;
CREATE TABLE `user_socialprofiles` (
  `id` int(11) NOT NULL AUTO_INCREMENT,
  `parent_id` int(11) NOT NULL,
  `profile_url_facebook` varchar(256) NOT NULL,
  `profile_url_linkedin` varchar(256) NOT NULL,
  `profile_url_twitter` varchar(256) NOT NULL,
  `profile_url_google` varchar(256) NOT NULL,
  `profile_url_github` varchar(256) NOT NULL,
  `profile_pic_url_facebook` varchar(256) NOT NULL,
  `profile_pic_url_linkedin` varchar(256) NOT NULL,
  `profile_pic_url_google` varchar(256) NOT NULL,
  `profile_pic_url_github` varchar(256) NOT NULL,
  `profile_pic_url_twitter` varchar(256) NOT NULL,
  PRIMARY KEY (`id`),
  UNIQUE KEY `parent_id` (`parent_id`),
  CONSTRAINT `parent_id_refs_user_id_f9d6c4be` FOREIGN KEY (`parent_id`) REFERENCES `user_userprofile` (`user_id`)
) ENGINE=InnoDB AUTO_INCREMENT=25 DEFAULT CHARSET=latin1;
/*!40101 SET character_set_client = @saved_cs_client */;

--
-- Dumping data for table `user_socialprofiles`
--

LOCK TABLES `user_socialprofiles` WRITE;
/*!40000 ALTER TABLE `user_socialprofiles` DISABLE KEYS */;
INSERT INTO `user_socialprofiles` VALUES (8,23,'https://www.facebook.com/app_scoped_user_id/10205078643779378/','https://www.linkedin.com/in/abhijeetkhan','','','','http://graph.facebook.com/10205078643779378/picture?type=large','https://media.licdn.com/mpr/mprx/0_iXEyCak11S9H98KNWvOjoVO1qUZWPTpd_ht-bUI1lVAHPApNdvOt8251BwENztKkfXtjEp6PgSberLnHuB78EVFx4SbdrLZHfB7xTR-t1ut5V1_N_6JA37p_Z4gJMLfJQqIK6LBcLsW','','',''),(11,26,'','https://www.linkedin.com/in/sachinfarfad','','','','','https://media.licdn.com/mpr/mprx/0_HOKl9HqJxhZW_9R0oj_C9E6k0XmWiPE0oyka9wbXh3sZpcgxk48gZI1oAEaB8Nw1djt7J2M0Zz1t','','',''),(13,29,'https://www.facebook.com/app_scoped_user_id/584987681643817/','','','','','http://graph.facebook.com/584987681643817/picture?type=large','','','',''),(14,30,'https://www.facebook.com/app_scoped_user_id/10203106722947765/','','','','','http://graph.facebook.com/10203106722947765/picture?type=large','','','',''),(15,34,'','','','','','','','','',''),(17,39,'','https://www.linkedin.com/pub/anmol-shukla/61/785/b31','','','','','https://media.licdn.com/mpr/mprx/0_Og-UycyHTNBAd4xr4wHzRK5H587AdMPgqgQzVC1dXkOKudY3OMkv-igH_1OKdZS3c2ovjKOeeiprEjEglacbNi0kDiplEjVAqacZxGoW6Gdj8I3SZxT90nXZSn6TijShgSPB4KBsjti','','',''),(18,41,'','','','','','','','','',''),(19,46,'https://www.facebook.com/app_scoped_user_id/659948537473648/','','','','','http://graph.facebook.com/659948537473648/picture?type=large','','','',''),(20,50,'https://www.facebook.com/app_scoped_user_id/10153063946953406/','','','','','http://graph.facebook.com/10153063946953406/picture?type=large','','','',''),(21,53,'https://www.facebook.com/app_scoped_user_id/10153377522685746/','','','','','http://graph.facebook.com/10153377522685746/picture?type=large','','','',''),(22,58,'','','','','','','','','',''),(23,62,'','','','','','','','','',''),(24,66,'https://www.facebook.com/app_scoped_user_id/10206057351226598/','','','','','http://graph.facebook.com/10206057351226598/picture?type=large','','','','');
/*!40000 ALTER TABLE `user_socialprofiles` ENABLE KEYS */;
UNLOCK TABLES;

--
-- Table structure for table `user_todo`
--

DROP TABLE IF EXISTS `user_todo`;
/*!40101 SET @saved_cs_client     = @@character_set_client */;
/*!40101 SET character_set_client = utf8 */;
CREATE TABLE `user_todo` (
  `id` int(11) NOT NULL AUTO_INCREMENT,
  `task` longtext,
  `dateTime` datetime NOT NULL,
  `parent_id` int(11) NOT NULL,
  PRIMARY KEY (`id`),
  KEY `user_todo_6be37982` (`parent_id`),
  CONSTRAINT `user_todo_parent_id_3862b140abf81791_fk_auth_user_id` FOREIGN KEY (`parent_id`) REFERENCES `auth_user` (`id`)
) ENGINE=InnoDB AUTO_INCREMENT=5 DEFAULT CHARSET=latin1;
/*!40101 SET character_set_client = @saved_cs_client */;

--
-- Dumping data for table `user_todo`
--

LOCK TABLES `user_todo` WRITE;
/*!40000 ALTER TABLE `user_todo` DISABLE KEYS */;
INSERT INTO `user_todo` VALUES (1,'Test ','2015-05-30 05:19:45',23),(2,'hello','2015-05-30 05:26:16',1),(3,'1','2015-06-16 08:46:45',41),(4,'2','2015-06-16 08:46:46',41);
/*!40000 ALTER TABLE `user_todo` ENABLE KEYS */;
UNLOCK TABLES;

--
-- Table structure for table `user_userprofile`
--

DROP TABLE IF EXISTS `user_userprofile`;
/*!40101 SET @saved_cs_client     = @@character_set_client */;
/*!40101 SET character_set_client = utf8 */;
CREATE TABLE `user_userprofile` (
  `user_id` int(11) NOT NULL,
  `gender` varchar(1) NOT NULL,
  `date_of_birth` date DEFAULT NULL,
  `contact` varchar(128) NOT NULL,
  `college` varchar(128) NOT NULL,
  `city` varchar(128) NOT NULL,
  `state` varchar(128) NOT NULL,
  `country` varchar(128) NOT NULL,
  `about` longtext NOT NULL,
  `resume` varchar(100),
  `picture` varchar(256) NOT NULL,
  `is_mentor` tinyint(1) NOT NULL,
  `is_new` tinyint(1) NOT NULL,
  `is_approved` tinyint(1) NOT NULL,
  `email_verified` tinyint(1) NOT NULL,
  `timezone` varchar(256) DEFAULT NULL,
  PRIMARY KEY (`user_id`)
) ENGINE=InnoDB DEFAULT CHARSET=latin1;
/*!40101 SET character_set_client = @saved_cs_client */;

--
-- Dumping data for table `user_userprofile`
--

LOCK TABLES `user_userprofile` WRITE;
/*!40000 ALTER TABLE `user_userprofile` DISABLE KEYS */;
INSERT INTO `user_userprofile` VALUES (1,'M',NULL,'','','','','','','','/static/img/no-profile-pic.jpg',1,0,0,0,'Asia/Calcutta'),(23,'M','1990-03-23','9766072308','GHR','Nagpur','MH','India','','','http://graph.facebook.com/10205078643779378/picture?type=large',1,0,1,1,'Asia/Calcutta'),(26,'M',NULL,'','','','','','','','https://media.licdn.com/mpr/mprx/0_HOKl9HqJxhZW_9R0oj_C9E6k0XmWiPE0oyka9wbXh3sZpcgxk48gZI1oAEaB8Nw1djt7J2M0Zz1t',1,1,1,1,'Asia/Calcutta'),(27,'M',NULL,'','RTMNU','Nagpur','','India','','','/static/img/no-profile-pic.jpg',1,1,1,1,'Kolkalta / Asia '),(29,'M',NULL,'','','','','','','','http://graph.facebook.com/584987681643817/picture?type=large',0,0,0,1,'Asia/Calcutta'),(30,'M',NULL,'','','','','','','','http://graph.facebook.com/10203106722947765/picture?type=large',1,1,1,1,'Asia/Calcutta'),(34,'M',NULL,'','xyz','madison','','wisconsin','','','/static/img/no-profile-pic.jpg',0,0,0,0,'Asia/Calcutta'),(39,'M',NULL,'','','','','','','','https://media.licdn.com/mpr/mprx/0_Og-UycyHTNBAd4xr4wHzRK5H587AdMPgqgQzVC1dXkOKudY3OMkv-igH_1OKdZS3c2ovjKOeeiprEjEglacbNi0kDiplEjVAqacZxGoW6Gdj8I3SZxT90nXZSn6TijShgSPB4KBsjti',0,1,0,1,'America/Chicago'),(40,'F','1991-04-26','1234567890','Virginia Tech','Blacksburg','','United States','','','/static/img/no-profile-pic.jpg',1,1,1,1,'America/New_York'),(41,'M',NULL,'','cmu','pittsburg','','usa','','','/static/img/no-profile-pic.jpg',1,0,0,0,'America/Denver'),(42,'M',NULL,'','Pennsylvania State University','University Park','','United State Of America','','','/static/img/no-profile-pic.jpg',1,0,0,0,'Asia/Calcutta'),(43,'M',NULL,'','R.T.M.N.U','Nagpur','','India','','','/static/img/no-profile-pic.jpg',0,0,0,0,'Asia/Calcutta'),(44,'M',NULL,'','rtmnu','Nagpur','','India','','','/static/img/no-profile-pic.jpg',0,0,0,0,'Asia/Calcutta'),(45,'M',NULL,'','St. Vincent Pallotti College of Engineering And Technology','Nagpur','','India','','','/static/img/no-profile-pic.jpg',0,0,0,0,'Asia/Calcutta'),(46,'F','1996-09-14','+14048342992','GAtech','Atlanta','','America','I was born and raised in Mumbai, India. I am currently an undergraduate sophomore at Georgia Tech, majoring in Mechanical Engineering.','/home/ubuntu/MB-Project/media/resume/priyanka_utFDj1W.docx','http://graph.facebook.com/659948537473648/picture?type=large',1,0,1,1,'Europe/London'),(47,'F',NULL,'','Georgia Institute of Technology','Mumbai','','India','','','/static/img/no-profile-pic.jpg',1,1,1,1,'Asia/Calcutta'),(48,'M',NULL,'','Nirma','Ahmedabad','','India','','','/static/img/no-profile-pic.jpg',1,1,1,1,'Asia/Calcutta'),(49,'M',NULL,'','Nagpur','Nagpur','','India','','','/static/img/no-profile-pic.jpg',1,0,0,0,'Asia/Calcutta'),(50,'M',NULL,'','Creighton University','Omaha','','USA','MBA graduate from Johnson & Wales University of Rhode Island, currently studying Master of Investment Management & Financial Analysis at Creighton University of Omaha.','','http://graph.facebook.com/10153063946953406/picture?type=large',0,0,0,1,'America/Chicago'),(51,'M',NULL,'','IIITD','Delhi','','India','','','/static/img/no-profile-pic.jpg',0,0,0,0,'Asia/Calcutta'),(52,'F','1991-03-17','+17173640041','The Pennsylvania State University','Middletown','','United States','','','/static/img/no-profile-pic.jpg',1,0,0,0,'UTC'),(53,'M',NULL,'','','','','','','','http://graph.facebook.com/10153377522685746/picture?type=large',1,0,0,1,'Asia/Calcutta'),(54,'M',NULL,'','UIC','chicago','','USA','','','/static/img/no-profile-pic.jpg',0,0,0,0,'Asia/Calcutta'),(55,'M',NULL,'','Academy of art university','San Francisco','','United States','','','/static/img/no-profile-pic.jpg',1,0,0,0,'America/Los_Angeles'),(56,'M',NULL,'','RCOEM','Nagpur','','India','','','/static/img/no-profile-pic.jpg',0,0,0,0,'Asia/Calcutta'),(57,'M',NULL,'','Pune University','Pune','','India','','','/static/img/no-profile-pic.jpg',0,1,0,0,'Asia/Tokyo'),(58,'M',NULL,'','Georgiatech','Thane','','India','','','/static/img/no-profile-pic.jpg',0,0,0,0,'Europe/London'),(59,'M',NULL,'','GHRCE','Nagpur','','India','','','/static/img/no-profile-pic.jpg',0,0,0,0,'Asia/Calcutta'),(60,'M','1997-05-11','+919982237276','Georgia Institute Of Technology','Mumbai','','India','I am studying computer engineering at Georgiatech.\r\n I like playing basketball, table tennis and also love catching up a game of cricket or tennis.\r\nI have volunteered in different trusts like Shri Ma, RG Eye Institute, Leo Club to help the needy people of the society. \r\n','/home/ubuntu/MB-Project/media/resume/gadgilu@gmail.com.docx','/static/img/no-profile-pic.jpg',1,0,0,0,'Asia/Calcutta'),(61,'M',NULL,'','UT Austin ','Austin ','','USA ','','','/static/img/no-profile-pic.jpg',1,0,0,0,'America/Los_Angeles'),(62,'M','1969-12-12','xxxxxxxxxx','University of California Berkeley','Berkeley','','CA','xxxxxx','/home/ubuntu/MB-Project/media/resume/shreyas.bhave77@gmail.com.pdf','/static/img/no-profile-pic.jpg',1,0,0,0,'UTC'),(63,'M',NULL,'','Georgia Institute of Technology','Mumbai','','India','','','/static/img/no-profile-pic.jpg',1,0,0,0,'Asia/Calcutta'),(64,'M','2015-04-13','5126696903','Pennsylvania State University ','State College','','USA','','','/static/img/no-profile-pic.jpg',1,0,0,0,'Asia/Istanbul'),(65,'M',NULL,'','Georgiatech ','Pune','','India','','','/static/img/no-profile-pic.jpg',0,1,0,0,'Asia/Calcutta'),(66,'M',NULL,'','','','','','','','http://graph.facebook.com/10206057351226598/picture?type=large',0,0,0,1,'Asia/Calcutta'),(67,'M','1996-01-30','(+1)5124220438','University of Texas at Austin','Austin','','United States','I study in the Red McCombs School of Business at the University of Texas at Austin. I had an SAT of 2360 and an ACT of 33. Feel free to ask me anything about preparing for the standardized tests or UT Austin. ','/home/ubuntu/MB-Project/media/resume/abhi30196@gmail.com.docx','/static/img/no-profile-pic.jpg',1,0,0,0,'Asia/Calcutta'),(68,'M',NULL,'','Georgia Institute of Technology','Atlanta','','United States','','','/static/img/no-profile-pic.jpg',1,0,0,0,'Asia/Calcutta'),(69,'M',NULL,'','University of Stuttgart','Stuttgart','','Germany','','','/static/img/no-profile-pic.jpg',1,0,0,0,'Europe/Berlin'),(70,'M',NULL,'','University of Illinois at Urbana-Champaign','Urbana','','United States','','','/static/img/no-profile-pic.jpg',1,0,0,0,'Asia/Calcutta'),(71,'M','1992-03-30','9819183896','mumbai university','Mumbai ','','India','','','/static/img/no-profile-pic.jpg',1,0,0,0,'Asia/Calcutta'),(72,'M',NULL,'','Georgia Institute of Technology','Laurel','','United States','','','/static/img/no-profile-pic.jpg',1,0,0,0,'America/New_York');
/*!40000 ALTER TABLE `user_userprofile` ENABLE KEYS */;
UNLOCK TABLES;

--
-- Table structure for table `user_verificationcodes`
--

DROP TABLE IF EXISTS `user_verificationcodes`;
/*!40101 SET @saved_cs_client     = @@character_set_client */;
/*!40101 SET character_set_client = utf8 */;
CREATE TABLE `user_verificationcodes` (
  `user_id` int(11) NOT NULL,
  `activation_key` varchar(40) NOT NULL,
  `key_expires` datetime NOT NULL,
  PRIMARY KEY (`user_id`)
) ENGINE=InnoDB DEFAULT CHARSET=latin1;
/*!40101 SET character_set_client = @saved_cs_client */;

--
-- Dumping data for table `user_verificationcodes`
--

LOCK TABLES `user_verificationcodes` WRITE;
/*!40000 ALTER TABLE `user_verificationcodes` DISABLE KEYS */;
INSERT INTO `user_verificationcodes` VALUES (27,'ed3690b22f12460256f05f3902a08b58d40e97e5','2015-05-28 13:23:30'),(34,'c2bbc8b9eabc87bc3ab0df9fccd1e50b0503a1ed','2015-06-01 12:15:38'),(40,'3b22226eb87a3946e44e66419b54f3fada863e88','2015-06-11 18:26:05'),(41,'8ea6152f02a2fb2af7d8f66830bfcdef79f95e5c','2015-06-16 13:04:55'),(42,'d0dc17c2f93100c854ec79857bee214f9a71e7b7','2015-06-19 17:33:06'),(43,'3666ae36eea8ceb94165249c43d7eef6a207948a','2015-06-20 12:43:44'),(44,'bab17b49e7d4dd46cf6d661429f08d46b8c960e1','2015-06-20 12:46:58'),(45,'32272bb2e54c96f709d55547c3822461db46d8d3','2015-06-20 15:01:28'),(47,'5d388dae3931126a357ca427802ea04db34ebf2d','2015-06-22 17:35:54'),(48,'164d36e4d40087c4340c4eee6478ef7b347edf87','2015-06-24 07:52:01'),(49,'eaa82f5b9ae9a909bfc958d95567d60f015b97b5','2015-06-26 08:30:04'),(51,'7e68d6681dd8a91ad834ff9ec060558d1e42c5cf','2015-06-27 11:25:41'),(52,'a44d36e93003335573df8b678c1b2aab35e00dc3','2015-07-02 20:54:47'),(54,'c5577be8080e27fe6cdf48038356ee4636132739','2015-07-09 17:05:35'),(55,'76d24dabc1e8ca50edac7d0ba2857176012971b5','2015-07-10 08:57:36'),(56,'133a998e374e1591fb05c89c3fb6efa08de3c0b3','2015-07-12 17:13:36'),(57,'5e4002dcbe24f7a59499f5521fa0882a8c8a759f','2015-07-14 05:39:44'),(58,'0de21f0bb24b953f2ebca023264b02c2301c75cd','2015-07-14 06:00:45'),(59,'78e9bf328cf3104ceddc28a1b57759e2709ea69b','2015-07-14 06:44:27'),(60,'086d4d5db94af82e1e08ddf440db6d11aea0b511','2015-07-14 07:59:35'),(61,'2ef5f14224ac91975df9f5e255938c49cdaaeba5','2015-07-14 08:00:10'),(62,'81d8dfa8cb8a2c805fe6ab5ea52378c376e197f4','2015-07-14 08:45:00'),(63,'a4fba3c6129c4bc692abf622cff699485106c5b5','2015-07-14 14:15:45'),(64,'451e0f0a41f338d3965536cc4c0beb2a382c94c3','2015-07-14 20:27:51'),(65,'db4aa11ab012b2334fdca2f87a63a5a0b4c50278','2015-07-15 03:49:04'),(67,'9c19a2429a83164c4d6cece443183f4d8ef16ba8','2015-07-15 12:05:02'),(68,'0c96ec8b7fa602710e1b365a142c004bd5a88b1d','2015-07-15 12:58:32'),(69,'e3406820db1a0b6515eb63ed53ca67853124fd41','2015-07-15 13:13:41'),(70,'aa59913b2c6556c47a8633e750d05430ec9ea377','2015-07-15 16:16:56'),(71,'a59e42544710b89013d7e81be5d4f2b0e3bdcbb7','2015-07-15 16:33:02'),(72,'45f9ce8b967a461585e355d968b66f90108e99f5','2015-07-15 22:18:44');
/*!40000 ALTER TABLE `user_verificationcodes` ENABLE KEYS */;
UNLOCK TABLES;
/*!40103 SET TIME_ZONE=@OLD_TIME_ZONE */;

/*!40101 SET SQL_MODE=@OLD_SQL_MODE */;
/*!40014 SET FOREIGN_KEY_CHECKS=@OLD_FOREIGN_KEY_CHECKS */;
/*!40014 SET UNIQUE_CHECKS=@OLD_UNIQUE_CHECKS */;
/*!40101 SET CHARACTER_SET_CLIENT=@OLD_CHARACTER_SET_CLIENT */;
/*!40101 SET CHARACTER_SET_RESULTS=@OLD_CHARACTER_SET_RESULTS */;
/*!40101 SET COLLATION_CONNECTION=@OLD_COLLATION_CONNECTION */;
/*!40111 SET SQL_NOTES=@OLD_SQL_NOTES */;

-- Dump completed on 2015-07-14  2:56:29
